asn,confidence,country,created_ts,feed_id,id,import_session_id,ip,is_public,itype,latitude,longitude,meta,modified_ts,org,owner_organization_id,rdns,resource_uri,source,status,tags,threatscore,type,value
13354,35,US,2015-02-02T05:25:51.340Z,38,8616225,,108.166.190.23,TRUE,mal_ip,32.7825,-96.8207,"{""severity"": ""medium"", ""detail"": ""AlenVault,""}",2015-02-02T05:25:51.340Z,EBL Global Networks,2,,/api/v2/intelligence/8616225/,Alien Vault OTX - Malware C2 IP's,active,"[{""source_user_id"": null, ""name"": ""AlenVault""}, {""source_user_id"": null, ""name"": """"}]",28,ip,108.166.190.23
,45,US,2015-02-02T05:25:51.277Z,38,8616224,,54.149.214.13,TRUE,mal_ip,40.5525,-74.2915,"{""severity"": ""medium"", ""detail"": ""AlenVault,""}",2015-02-02T05:25:51.277Z,Merck and Co.,2,,/api/v2/intelligence/8616224/,Alien Vault OTX - Malware C2 IP's,active,"[{""source_user_id"": null, ""name"": ""AlenVault""}, {""source_user_id"": null, ""name"": """"}]",36,ip,54.149.214.13
38700,30,KR,2015-02-02T05:25:51.145Z,38,8616222,,115.68.84.9,TRUE,mal_ip,37.57,126.98,"{""severity"": ""medium"", ""detail"": ""AlenVault,""}",2015-02-02T05:25:51.145Z,Smileserv,2,,/api/v2/intelligence/8616222/,Alien Vault OTX - Malware C2 IP's,active,"[{""source_user_id"": null, ""name"": ""AlenVault""}, {""source_user_id"": null, ""name"": """"}]",24,ip,115.68.84.9
15703,25,NL,2015-02-02T05:25:51.077Z,38,8616221,,87.233.180.103,TRUE,mal_ip,52.5,5.75,"{""severity"": ""medium"", ""detail"": ""AlenVault,""}",2015-02-02T05:25:51.077Z,TrueServer BV,2,,/api/v2/intelligence/8616221/,Alien Vault OTX - Malware C2 IP's,active,"[{""source_user_id"": null, ""name"": ""AlenVault""}, {""source_user_id"": null, ""name"": """"}]",20,ip,87.233.180.103
26347,20,US,2015-02-02T05:25:47.721Z,38,8616220,,66.33.212.181,TRUE,mal_ip,33.9269,-117.8612,"{""severity"": ""medium"", ""detail"": ""AlenVault,""}",2015-02-02T05:25:47.721Z,"New Dream Network, LLC",2,,/api/v2/intelligence/8616220/,Alien Vault OTX - Malware C2 IP's,active,"[{""source_user_id"": null, ""name"": ""AlenVault""}, {""source_user_id"": null, ""name"": """"}]",16,ip,66.33.212.181
26347,25,US,2015-02-02T05:25:47.660Z,38,8616219,,75.119.222.68,TRUE,mal_ip,33.9269,-117.8612,"{""severity"": ""medium"", ""detail"": ""AlenVault,""}",2015-02-02T05:25:47.660Z,"New Dream Network, LLC",2,,/api/v2/intelligence/8616219/,Alien Vault OTX - Malware C2 IP's,active,"[{""source_user_id"": null, ""name"": ""AlenVault""}, {""source_user_id"": null, ""name"": """"}]",20,ip,75.119.222.68
40676,25,US,2015-02-02T05:25:47.598Z,38,8616218,,173.224.214.202,TRUE,mal_ip,34.0115,-117.8535,"{""severity"": ""medium"", ""detail"": ""AlenVault,""}",2015-02-02T05:25:47.598Z,Psychz Networks,2,,/api/v2/intelligence/8616218/,Alien Vault OTX - Malware C2 IP's,active,"[{""source_user_id"": null, ""name"": ""AlenVault""}, {""source_user_id"": null, ""name"": """"}]",20,ip,173.224.214.202
29761,30,US,2015-02-02T05:25:47.539Z,38,8616217,,204.44.65.20,TRUE,mal_ip,34.0522,-118.2437,"{""severity"": ""medium"", ""detail"": ""AlenVault,""}",2015-02-02T05:25:47.539Z,QuadraNet,2,,/api/v2/intelligence/8616217/,Alien Vault OTX - Malware C2 IP's,active,"[{""source_user_id"": null, ""name"": ""AlenVault""}, {""source_user_id"": null, ""name"": """"}]",24,ip,204.44.65.20
44497,25,ES,2015-02-02T05:25:47.477Z,38,8616216,,185.2.131.127,TRUE,mal_ip,40,-4,"{""severity"": ""medium"", ""detail"": ""AlenVault,""}",2015-02-02T05:25:47.477Z,Host Europe Iberia SL,2,,/api/v2/intelligence/8616216/,Alien Vault OTX - Malware C2 IP's,active,"[{""source_user_id"": null, ""name"": ""AlenVault""}, {""source_user_id"": null, ""name"": """"}]",20,ip,185.2.131.127
11664,65,AR,2015-02-02T05:24:35.049Z,171,8616141,,200.69.131.138,TRUE,bot_ip,-34.5875,-58.6725,"{""severity"": ""high"", ""detail"": ""dionaea,smbd,port-445,Windows XP,Ethernet or modem""}",2015-02-02T05:24:35.049Z,Techtel LMDS Comunicaciones Interactivas S.A.,2,,/api/v2/intelligence/8616141/,TS LABS MHN Tagged,active,"[{""source_user_id"": null, ""name"": ""dionaea""}, {""source_user_id"": null, ""name"": ""smbd""}, {""source_user_id"": null, ""name"": ""port-445""}, {""source_user_id"": null, ""name"": ""Windows-XP""}, {""source_user_id"": null, ""name"": ""Ethernet-or-modem""}]",17,ip,200.69.131.138
23966,60,PK,2015-02-02T05:24:34.841Z,171,8616135,,202.147.177.22,TRUE,bot_ip,30,70,"{""severity"": ""high"", ""detail"": ""dionaea,smbd,port-445,Windows 7 or 8,DSL""}",2015-02-02T05:24:34.841Z,LINKdotNET Telecom Limited,2,,/api/v2/intelligence/8616135/,TS LABS MHN Tagged,active,"[{""source_user_id"": null, ""name"": ""dionaea""}, {""source_user_id"": null, ""name"": ""smbd""}, {""source_user_id"": null, ""name"": ""port-445""}, {""source_user_id"": null, ""name"": ""Windows-7-or-8""}, {""source_user_id"": null, ""name"": ""DSL""}]",15,ip,202.147.177.22
8048,55,VE,2015-02-02T05:24:34.712Z,171,8616131,,186.89.54.215,TRUE,bot_ip,10.5,-66.9167,"{""severity"": ""high"", ""detail"": ""dionaea,smbd,port-445,Windows XP,Ethernet or modem""}",2015-02-02T05:24:34.712Z,"CANTV Servicios, Venezuela",2,,/api/v2/intelligence/8616131/,TS LABS MHN Tagged,active,"[{""source_user_id"": null, ""name"": ""dionaea""}, {""source_user_id"": null, ""name"": ""smbd""}, {""source_user_id"": null, ""name"": ""port-445""}, {""source_user_id"": null, ""name"": ""Windows-XP""}, {""source_user_id"": null, ""name"": ""Ethernet-or-modem""}]",14,ip,186.89.54.215
,45,US,2015-02-02T05:24:34.641Z,171,8616128,,54.67.125.198,TRUE,bot_ip,40.5525,-74.2915,"{""severity"": ""high"", ""detail"": ""dionaea,mysqld,port-3306,Linux 2.2.x-3.x""}",2015-02-02T05:24:34.641Z,Amazon,2,,/api/v2/intelligence/8616128/,TS LABS MHN Tagged,active,"[{""source_user_id"": null, ""name"": ""dionaea""}, {""source_user_id"": null, ""name"": ""mysqld""}, {""source_user_id"": null, ""name"": ""port-3306""}, {""source_user_id"": null, ""name"": ""Linux-2.2.x-3.x""}]",12,ip,54.67.125.198
4134,55,CN,2015-02-02T05:24:34.568Z,171,8616125,,1.80.251.56,TRUE,bot_ip,34.2583,108.9286,"{""severity"": ""high"", ""detail"": ""dionaea,smbd,port-445,Windows XP,generic tunnel or VPN""}",2015-02-02T05:24:34.568Z,China Telecom SHAANXI,2,,/api/v2/intelligence/8616125/,TS LABS MHN Tagged,active,"[{""source_user_id"": null, ""name"": ""dionaea""}, {""source_user_id"": null, ""name"": ""smbd""}, {""source_user_id"": null, ""name"": ""port-445""}, {""source_user_id"": null, ""name"": ""Windows-XP""}, {""source_user_id"": null, ""name"": ""generic-tunnel-or-VPN""}]",14,ip,1.80.251.56
10201,50,IN,2015-02-02T05:24:34.284Z,171,8616122,,202.148.205.18,TRUE,bot_ip,20,77,"{""severity"": ""high"", ""detail"": ""dionaea,microsoft-ds,port-445,Windows NT kernel,Ethernet or modem""}",2015-02-02T05:24:34.284Z,Dishnet Wireless Limited. Broadband Wireless,2,,/api/v2/intelligence/8616122/,TS LABS MHN Tagged,active,"[{""source_user_id"": null, ""name"": ""dionaea""}, {""source_user_id"": null, ""name"": ""microsoft-ds""}, {""source_user_id"": null, ""name"": ""port-445""}, {""source_user_id"": null, ""name"": ""Windows-NT-kernel""}, {""source_user_id"": null, ""name"": ""Ethernet-or-modem""}]",13,ip,202.148.205.18
13184,30,DE,2015-02-02T05:24:34.261Z,171,8616121,,78.54.87.102,TRUE,bot_ip,53.5992,10.042,"{""severity"": ""high"", ""detail"": ""dionaea,microsoft-ds,port-445,Windows NT kernel,generic tunnel or VPN""}",2015-02-02T05:24:34.261Z,Telefonica Germany,2,,/api/v2/intelligence/8616121/,TS LABS MHN Tagged,active,"[{""source_user_id"": null, ""name"": ""dionaea""}, {""source_user_id"": null, ""name"": ""microsoft-ds""}, {""source_user_id"": null, ""name"": ""port-445""}, {""source_user_id"": null, ""name"": ""Windows-NT-kernel""}, {""source_user_id"": null, ""name"": ""generic-tunnel-or-VPN""}]",8,ip,78.54.87.102
23118,60,US,2015-02-02T05:24:34.238Z,171,8616120,,69.77.132.147,TRUE,bot_ip,36.1452,-81.838,"{""severity"": ""high"", ""detail"": ""conpot,http,port-502""}",2015-02-02T05:24:34.238Z,SkyBest Communications,2,,/api/v2/intelligence/8616120/,TS LABS MHN Tagged,active,"[{""source_user_id"": null, ""name"": ""conpot""}, {""source_user_id"": null, ""name"": ""http""}, {""source_user_id"": null, ""name"": ""port-502""}]",15,ip,69.77.132.147
3462,75,TW,2015-02-02T05:24:34.176Z,171,8616119,,114.39.187.206,TRUE,bot_ip,22.9933,120.2036,"{""severity"": ""high"", ""detail"": ""dionaea,microsoft-ds,port-445,Windows NT kernel,IPIP or SIT""}",2015-02-02T05:24:34.176Z,"CHTD, Chunghwa Telecom Co., Ltd.",2,,/api/v2/intelligence/8616119/,TS LABS MHN Tagged,active,"[{""source_user_id"": null, ""name"": ""dionaea""}, {""source_user_id"": null, ""name"": ""microsoft-ds""}, {""source_user_id"": null, ""name"": ""port-445""}, {""source_user_id"": null, ""name"": ""Windows-NT-kernel""}, {""source_user_id"": null, ""name"": ""IPIP-or-SIT""}]",19,ip,114.39.187.206
9829,20,IN,2015-02-02T05:24:29.179Z,171,8616116,,61.3.45.250,TRUE,bot_ip,18.4333,79.15,"{""severity"": ""high"", ""detail"": ""dionaea,smbd,port-445,Windows NT kernel 5.x,generic tunnel or VPN""}",2015-02-02T05:24:29.179Z,BSNL,2,,/api/v2/intelligence/8616116/,TS LABS MHN Tagged,active,"[{""source_user_id"": null, ""name"": ""dionaea""}, {""source_user_id"": null, ""name"": ""smbd""}, {""source_user_id"": null, ""name"": ""port-445""}, {""source_user_id"": null, ""name"": ""Windows-NT-kernel-5.x""}, {""source_user_id"": null, ""name"": ""generic-tunnel-or-VPN""}]",5,ip,61.3.45.250
29030,60,BG,2015-02-02T05:24:29.095Z,171,8616114,,87.121.9.217,TRUE,bot_ip,42.2,24.3333,"{""severity"": ""high"", ""detail"": ""dionaea,microsoft-ds,port-445,Windows XP,Ethernet or modem""}",2015-02-02T05:24:29.095Z,Telecable Pazardjik,2,,/api/v2/intelligence/8616114/,TS LABS MHN Tagged,active,"[{""source_user_id"": null, ""name"": ""dionaea""}, {""source_user_id"": null, ""name"": ""microsoft-ds""}, {""source_user_id"": null, ""name"": ""port-445""}, {""source_user_id"": null, ""name"": ""Windows-XP""}, {""source_user_id"": null, ""name"": ""Ethernet-or-modem""}]",15,ip,87.121.9.217
15975,65,PS,2015-02-02T05:24:29.010Z,171,8616112,,37.8.35.86,TRUE,bot_ip,31.9,35.2,"{""severity"": ""high"", ""detail"": ""dionaea,SipCall,port-5060""}",2015-02-02T05:24:29.010Z,Hadara,2,,/api/v2/intelligence/8616112/,TS LABS MHN Tagged,active,"[{""source_user_id"": null, ""name"": ""dionaea""}, {""source_user_id"": null, ""name"": ""SipCall""}, {""source_user_id"": null, ""name"": ""port-5060""}]",17,ip,37.8.35.86
3269,55,IT,2015-02-02T05:24:28.911Z,171,8616109,,95.238.229.163,TRUE,bot_ip,41.9,12.4833,"{""severity"": ""high"", ""detail"": ""dionaea,microsoft-ds,port-445,Windows XP""}",2015-02-02T05:24:28.911Z,Telecom Italia,2,,/api/v2/intelligence/8616109/,TS LABS MHN Tagged,active,"[{""source_user_id"": null, ""name"": ""dionaea""}, {""source_user_id"": null, ""name"": ""microsoft-ds""}, {""source_user_id"": null, ""name"": ""port-445""}, {""source_user_id"": null, ""name"": ""Windows-XP""}]",14,ip,95.238.229.163
9934,60,MN,2015-02-02T05:24:28.098Z,171,8616107,,202.179.8.74,TRUE,bot_ip,47.9167,106.9167,"{""severity"": ""high"", ""detail"": ""dionaea,smbd,port-445,Windows XP,Ethernet or modem""}",2015-02-02T05:24:28.098Z,Micom-network-corporate-cust,2,,/api/v2/intelligence/8616107/,TS LABS MHN Tagged,active,"[{""source_user_id"": null, ""name"": ""dionaea""}, {""source_user_id"": null, ""name"": ""smbd""}, {""source_user_id"": null, ""name"": ""port-445""}, {""source_user_id"": null, ""name"": ""Windows-XP""}, {""source_user_id"": null, ""name"": ""Ethernet-or-modem""}]",15,ip,202.179.8.74
17597,55,KR,2015-02-02T05:24:28.071Z,171,8616106,,203.123.209.40,TRUE,bot_ip,37.57,126.98,"{""severity"": ""high"", ""detail"": ""dionaea,microsoft-ds,port-445,Windows XP,Ethernet or modem""}",2015-02-02T05:24:28.071Z,TBROAD Saerom Broadcasting,2,,/api/v2/intelligence/8616106/,TS LABS MHN Tagged,active,"[{""source_user_id"": null, ""name"": ""dionaea""}, {""source_user_id"": null, ""name"": ""microsoft-ds""}, {""source_user_id"": null, ""name"": ""port-445""}, {""source_user_id"": null, ""name"": ""Windows-XP""}, {""source_user_id"": null, ""name"": ""Ethernet-or-modem""}]",14,ip,203.123.209.40
20207,30,AR,2015-02-02T05:24:28.012Z,171,8616103,,190.57.239.164,TRUE,bot_ip,-30.9546,-58.7833,"{""severity"": ""high"", ""detail"": ""dionaea,smbd,port-445,Windows NT kernel,Ethernet or modem""}",2015-02-02T05:24:28.012Z,Gigared S.A.,2,,/api/v2/intelligence/8616103/,TS LABS MHN Tagged,active,"[{""source_user_id"": null, ""name"": ""dionaea""}, {""source_user_id"": null, ""name"": ""smbd""}, {""source_user_id"": null, ""name"": ""port-445""}, {""source_user_id"": null, ""name"": ""Windows-NT-kernel""}, {""source_user_id"": null, ""name"": ""Ethernet-or-modem""}]",8,ip,190.57.239.164
45595,50,PK,2015-02-02T05:24:27.952Z,171,8616102,,119.159.101.25,TRUE,bot_ip,31.5497,74.3436,"{""severity"": ""high"", ""detail"": ""dionaea,smbd,port-445,Windows XP,Ethernet or modem""}",2015-02-02T05:24:27.952Z,PTCL,2,,/api/v2/intelligence/8616102/,TS LABS MHN Tagged,active,"[{""source_user_id"": null, ""name"": ""dionaea""}, {""source_user_id"": null, ""name"": ""smbd""}, {""source_user_id"": null, ""name"": ""port-445""}, {""source_user_id"": null, ""name"": ""Windows-XP""}, {""source_user_id"": null, ""name"": ""Ethernet-or-modem""}]",13,ip,119.159.101.25
4134,80,CN,2015-02-02T05:24:27.890Z,171,8616101,,113.16.54.78,TRUE,bot_ip,22.8167,108.3167,"{""severity"": ""high"", ""detail"": ""dionaea,smbd,port-445,Windows XP,DSL""}",2015-02-02T05:24:27.890Z,China Telecom Guangxi,2,,/api/v2/intelligence/8616101/,TS LABS MHN Tagged,active,"[{""source_user_id"": null, ""name"": ""dionaea""}, {""source_user_id"": null, ""name"": ""smbd""}, {""source_user_id"": null, ""name"": ""port-445""}, {""source_user_id"": null, ""name"": ""Windows-XP""}, {""source_user_id"": null, ""name"": ""DSL""}]",20,ip,113.16.54.78
9498,55,IN,2015-02-02T05:24:27.829Z,171,8616100,,182.74.46.114,TRUE,bot_ip,28.4667,77.0333,"{""severity"": ""high"", ""detail"": ""dionaea,smbd,port-445,Windows 7 or 8,Ethernet or modem""}",2015-02-02T05:24:27.829Z,Bharti Airtel,2,,/api/v2/intelligence/8616100/,TS LABS MHN Tagged,active,"[{""source_user_id"": null, ""name"": ""dionaea""}, {""source_user_id"": null, ""name"": ""smbd""}, {""source_user_id"": null, ""name"": ""port-445""}, {""source_user_id"": null, ""name"": ""Windows-7-or-8""}, {""source_user_id"": null, ""name"": ""Ethernet-or-modem""}]",14,ip,182.74.46.114
4713,45,JP,2015-02-02T05:24:27.118Z,171,8616098,,60.42.109.63,TRUE,bot_ip,35.685,139.7514,"{""severity"": ""high"", ""detail"": ""dionaea,microsoft-ds,port-445,Windows XP,DSL""}",2015-02-02T05:24:27.118Z,NTT Plala Inc.,2,,/api/v2/intelligence/8616098/,TS LABS MHN Tagged,active,"[{""source_user_id"": null, ""name"": ""dionaea""}, {""source_user_id"": null, ""name"": ""microsoft-ds""}, {""source_user_id"": null, ""name"": ""port-445""}, {""source_user_id"": null, ""name"": ""Windows-XP""}, {""source_user_id"": null, ""name"": ""DSL""}]",12,ip,60.42.109.63
31204,60,MD,2015-02-02T05:24:27.081Z,171,8616097,,89.149.91.31,TRUE,bot_ip,47.0056,28.8575,"{""severity"": ""high"", ""detail"": ""dionaea,microsoft-ds,port-445,Windows XP,Ethernet or modem""}",2015-02-02T05:24:27.081Z,JV Sun Communications S.R.L.,2,,/api/v2/intelligence/8616097/,TS LABS MHN Tagged,active,"[{""source_user_id"": null, ""name"": ""dionaea""}, {""source_user_id"": null, ""name"": ""microsoft-ds""}, {""source_user_id"": null, ""name"": ""port-445""}, {""source_user_id"": null, ""name"": ""Windows-XP""}, {""source_user_id"": null, ""name"": ""Ethernet-or-modem""}]",15,ip,89.149.91.31
22552,80,US,2015-02-02T05:24:27.009Z,171,8616095,,199.87.232.178,TRUE,bot_ip,34.053,-118.2642,"{""severity"": ""high"", ""detail"": ""dionaea,microsoft-ds,port-445,Windows XP,Ethernet or modem""}",2015-02-02T05:24:27.009Z,eSited Solutions,2,,/api/v2/intelligence/8616095/,TS LABS MHN Tagged,active,"[{""source_user_id"": null, ""name"": ""dionaea""}, {""source_user_id"": null, ""name"": ""microsoft-ds""}, {""source_user_id"": null, ""name"": ""port-445""}, {""source_user_id"": null, ""name"": ""Windows-XP""}, {""source_user_id"": null, ""name"": ""Ethernet-or-modem""}]",20,ip,199.87.232.178
3786,75,KR,2015-02-02T05:24:25.941Z,171,8616094,,211.32.132.20,TRUE,bot_ip,37.57,126.98,"{""severity"": ""high"", ""detail"": ""dionaea,smbd,port-445,Windows XP,Ethernet or modem""}",2015-02-02T05:24:25.941Z,DACOM Corp.,2,,/api/v2/intelligence/8616094/,TS LABS MHN Tagged,active,"[{""source_user_id"": null, ""name"": ""dionaea""}, {""source_user_id"": null, ""name"": ""smbd""}, {""source_user_id"": null, ""name"": ""port-445""}, {""source_user_id"": null, ""name"": ""Windows-XP""}, {""source_user_id"": null, ""name"": ""Ethernet-or-modem""}]",19,ip,211.32.132.20
4750,65,TH,2015-02-02T05:24:25.871Z,171,8616093,,58.137.112.204,TRUE,bot_ip,13.754,100.5014,"{""severity"": ""high"", ""detail"": ""dionaea,smbd,port-445,Windows XP,Ethernet or modem""}",2015-02-02T05:24:25.871Z,CS LoxInfo,2,,/api/v2/intelligence/8616093/,TS LABS MHN Tagged,active,"[{""source_user_id"": null, ""name"": ""dionaea""}, {""source_user_id"": null, ""name"": ""smbd""}, {""source_user_id"": null, ""name"": ""port-445""}, {""source_user_id"": null, ""name"": ""Windows-XP""}, {""source_user_id"": null, ""name"": ""Ethernet-or-modem""}]",17,ip,58.137.112.204
8402,50,RU,2015-02-02T05:24:25.841Z,171,8616092,,93.80.135.193,TRUE,bot_ip,60,100,"{""severity"": ""high"", ""detail"": ""dionaea,smbd,port-445,Windows XP,generic tunnel or VPN""}",2015-02-02T05:24:25.841Z,Beeline,2,,/api/v2/intelligence/8616092/,TS LABS MHN Tagged,active,"[{""source_user_id"": null, ""name"": ""dionaea""}, {""source_user_id"": null, ""name"": ""smbd""}, {""source_user_id"": null, ""name"": ""port-445""}, {""source_user_id"": null, ""name"": ""Windows-XP""}, {""source_user_id"": null, ""name"": ""generic-tunnel-or-VPN""}]",13,ip,93.80.135.193
25500,55,UA,2015-02-02T05:24:25.807Z,171,8616091,,77.47.196.101,TRUE,bot_ip,50.4333,30.5167,"{""severity"": ""high"", ""detail"": ""dionaea,smbd,port-445,Windows XP,Ethernet or modem""}",2015-02-02T05:24:25.807Z,National Technical University of Ukraine,2,,/api/v2/intelligence/8616091/,TS LABS MHN Tagged,active,"[{""source_user_id"": null, ""name"": ""dionaea""}, {""source_user_id"": null, ""name"": ""smbd""}, {""source_user_id"": null, ""name"": ""port-445""}, {""source_user_id"": null, ""name"": ""Windows-XP""}, {""source_user_id"": null, ""name"": ""Ethernet-or-modem""}]",14,ip,77.47.196.101
3462,45,TW,2015-02-02T05:24:24.768Z,171,8616090,,1.171.1.118,TRUE,bot_ip,23.5,121,"{""severity"": ""high"", ""detail"": ""dionaea,smbd,port-445,Windows NT kernel,IPIP or SIT""}",2015-02-02T05:24:24.768Z,"CHTD, Chunghwa Telecom Co., Ltd.",2,,/api/v2/intelligence/8616090/,TS LABS MHN Tagged,active,"[{""source_user_id"": null, ""name"": ""dionaea""}, {""source_user_id"": null, ""name"": ""smbd""}, {""source_user_id"": null, ""name"": ""port-445""}, {""source_user_id"": null, ""name"": ""Windows-NT-kernel""}, {""source_user_id"": null, ""name"": ""IPIP-or-SIT""}]",12,ip,1.171.1.118
15975,80,PS,2015-02-02T05:24:24.696Z,171,8616088,,37.8.44.172,TRUE,bot_ip,31.9,35.2,"{""severity"": ""high"", ""detail"": ""dionaea,SipSession,port-5060""}",2015-02-02T05:24:24.696Z,Hadara,2,,/api/v2/intelligence/8616088/,TS LABS MHN Tagged,active,"[{""source_user_id"": null, ""name"": ""dionaea""}, {""source_user_id"": null, ""name"": ""SipSession""}, {""source_user_id"": null, ""name"": ""port-5060""}]",20,ip,37.8.44.172
15500,55,RU,2015-02-02T05:24:23.778Z,171,8616086,,80.234.67.106,TRUE,bot_ip,52.9651,36.0785,"{""severity"": ""high"", ""detail"": ""dionaea,smbd,port-445,Windows XP,IPIP or SIT""}",2015-02-02T05:24:23.778Z,samtel,2,,/api/v2/intelligence/8616086/,TS LABS MHN Tagged,active,"[{""source_user_id"": null, ""name"": ""dionaea""}, {""source_user_id"": null, ""name"": ""smbd""}, {""source_user_id"": null, ""name"": ""port-445""}, {""source_user_id"": null, ""name"": ""Windows-XP""}, {""source_user_id"": null, ""name"": ""IPIP-or-SIT""}]",14,ip,80.234.67.106
51074,35,IR,2015-02-02T05:24:23.748Z,171,8616085,,5.221.157.170,TRUE,bot_ip,32,53,"{""severity"": ""high"", ""detail"": ""dionaea,smbd,port-445,Windows XP,IPIP or SIT""}",2015-02-02T05:24:23.748Z,GOSTARESH-E-ERTEBATAT-E MABNA COMPANY (Private Joi,2,,/api/v2/intelligence/8616085/,TS LABS MHN Tagged,active,"[{""source_user_id"": null, ""name"": ""dionaea""}, {""source_user_id"": null, ""name"": ""smbd""}, {""source_user_id"": null, ""name"": ""port-445""}, {""source_user_id"": null, ""name"": ""Windows-XP""}, {""source_user_id"": null, ""name"": ""IPIP-or-SIT""}]",9,ip,5.221.157.170
131090,55,TH,2015-02-02T05:23:00.053Z,26,8616084,,110.78.144.40,TRUE,brute_ip,15,100,"{""severity"": ""medium"", ""detail"": """"}",2015-02-02T05:23:00.053Z,CAT Telecom public company Ltd,2,,/api/v2/intelligence/8616084/,Dragon Research SSH Brute Auth,active,"[{""source_user_id"": null, ""name"": """"}]",14,ip,110.78.144.40
197226,60,PL,2015-02-02T05:22:59.240Z,26,8616082,,155.133.18.239,TRUE,brute_ip,52,20,"{""severity"": ""medium"", ""detail"": """"}",2015-02-02T05:22:59.240Z,FUZ Adam Rojek,2,,/api/v2/intelligence/8616082/,Dragon Research SSH Brute Auth,active,"[{""source_user_id"": null, ""name"": """"}]",15,ip,155.133.18.239
46664,55,US,2015-02-02T05:22:57.238Z,26,8616081,,173.242.114.154,TRUE,brute_ip,41.2029,-75.9027,"{""severity"": ""medium"", ""detail"": """"}",2015-02-02T05:22:57.238Z,VolumeDrive,2,,/api/v2/intelligence/8616081/,Dragon Research SSH Brute Auth,active,"[{""source_user_id"": null, ""name"": """"}]",14,ip,173.242.114.154
200002,90,BG,2015-02-02T05:22:56.805Z,26,8616080,,78.159.142.16,TRUE,brute_ip,42.6833,23.3167,"{""severity"": ""medium"", ""detail"": """"}",2015-02-02T05:22:56.805Z,Speedy net EAD,2,,/api/v2/intelligence/8616080/,Dragon Research SSH Brute Auth,active,"[{""source_user_id"": null, ""name"": """"}]",23,ip,78.159.142.16
33758,60,US,2015-02-02T05:22:54.737Z,26,8616079,,137.118.102.107,TRUE,brute_ip,35.6169,-76.485,"{""severity"": ""medium"", ""detail"": """"}",2015-02-02T05:22:54.737Z,TriCounty Communications,2,,/api/v2/intelligence/8616079/,Dragon Research SSH Brute Auth,active,"[{""source_user_id"": null, ""name"": """"}]",15,ip,137.118.102.107
37061,75,KE,2015-02-02T05:22:54.414Z,26,8616076,,41.203.214.98,TRUE,brute_ip,1,38,"{""severity"": ""medium"", ""detail"": """"}",2015-02-02T05:22:54.414Z,ONECOM,2,,/api/v2/intelligence/8616076/,Dragon Research SSH Brute Auth,active,"[{""source_user_id"": null, ""name"": """"}]",19,ip,41.203.214.98
37061,85,KE,2015-02-02T05:22:54.343Z,26,8616075,,41.203.214.42,TRUE,brute_ip,1,38,"{""severity"": ""medium"", ""detail"": """"}",2015-02-02T05:22:54.343Z,ONECOM,2,,/api/v2/intelligence/8616075/,Dragon Research SSH Brute Auth,active,"[{""source_user_id"": null, ""name"": """"}]",22,ip,41.203.214.42
7922,65,US,2015-02-02T05:22:54.198Z,26,8616074,,71.227.193.155,TRUE,brute_ip,47.2529,-122.4443,"{""severity"": ""medium"", ""detail"": """"}",2015-02-02T05:22:54.198Z,Comcast Cable,2,,/api/v2/intelligence/8616074/,Dragon Research SSH Brute Auth,active,"[{""source_user_id"": null, ""name"": """"}]",17,ip,71.227.193.155
35141,65,BG,2015-02-02T05:22:54.106Z,26,8616072,,95.111.96.48,TRUE,brute_ip,42.6833,23.3167,"{""severity"": ""medium"", ""detail"": """"}",2015-02-02T05:22:54.106Z,Obelia 1 quarter,2,,/api/v2/intelligence/8616072/,Dragon Research SSH Brute Auth,active,"[{""source_user_id"": null, ""name"": """"}]",17,ip,95.111.96.48
33588,20,US,2015-02-02T05:22:54.053Z,26,8616071,,174.45.83.73,TRUE,brute_ip,45.772,-110.9349,"{""severity"": ""medium"", ""detail"": """"}",2015-02-02T05:22:54.053Z,Charter Communications,2,,/api/v2/intelligence/8616071/,Dragon Research SSH Brute Auth,active,"[{""source_user_id"": null, ""name"": """"}]",5,ip,174.45.83.73
33763,70,NA,2015-02-02T05:22:54.037Z,26,8616070,,41.218.90.233,TRUE,brute_ip,-22.57,17.0836,"{""severity"": ""medium"", ""detail"": """"}",2015-02-02T05:22:54.037Z,Paratus-Telecom,2,,/api/v2/intelligence/8616070/,Dragon Research SSH Brute Auth,active,"[{""source_user_id"": null, ""name"": """"}]",18,ip,41.218.90.233
32107,60,US,2015-02-02T05:22:52.152Z,26,8616069,,208.53.102.119,TRUE,brute_ip,47.6727,-122.1873,"{""severity"": ""medium"", ""detail"": """"}",2015-02-02T05:22:52.152Z,Wave Broadband,2,,/api/v2/intelligence/8616069/,Dragon Research SSH Brute Auth,active,"[{""source_user_id"": null, ""name"": """"}]",15,ip,208.53.102.119
30164,30,US,2015-02-02T05:22:51.425Z,26,8616068,,24.51.45.194,TRUE,brute_ip,41.507,-97.0793,"{""severity"": ""medium"", ""detail"": """"}",2015-02-02T05:22:51.425Z,"Usa Companies, Lp",2,,/api/v2/intelligence/8616068/,Dragon Research SSH Brute Auth,active,"[{""source_user_id"": null, ""name"": """"}]",8,ip,24.51.45.194
12660,50,IR,2015-02-02T05:22:50.476Z,26,8616065,,213.233.183.159,TRUE,brute_ip,36.6736,48.4787,"{""severity"": ""medium"", ""detail"": """"}",2015-02-02T05:22:50.476Z,"Zanjan Dormitory, Sharif University of Technology",2,,/api/v2/intelligence/8616065/,Dragon Research SSH Brute Auth,active,"[{""source_user_id"": null, ""name"": """"}]",13,ip,213.233.183.159
12083,75,US,2015-02-02T05:22:50.409Z,26,8616064,,207.98.208.63,TRUE,brute_ip,27.9658,-82.8001,"{""severity"": ""medium"", ""detail"": """"}",2015-02-02T05:22:50.409Z,WideOpenWest,2,,/api/v2/intelligence/8616064/,Dragon Research SSH Brute Auth,active,"[{""source_user_id"": null, ""name"": """"}]",19,ip,207.98.208.63
27699,75,BR,2015-02-02T05:22:50.369Z,26,8616063,,191.255.246.51,TRUE,brute_ip,-23.4733,-46.6658,"{""severity"": ""medium"", ""detail"": """"}",2015-02-02T05:22:50.369Z,Vivo,2,,/api/v2/intelligence/8616063/,Dragon Research SSH Brute Auth,active,"[{""source_user_id"": null, ""name"": """"}]",19,ip,191.255.246.51
27569,65,US,2015-02-02T05:22:50.303Z,26,8616062,,69.85.73.83,TRUE,brute_ip,39.0783,-108.4868,"{""severity"": ""medium"", ""detail"": """"}",2015-02-02T05:22:50.303Z,Grand Valley Internet,2,,/api/v2/intelligence/8616062/,Dragon Research SSH Brute Auth,active,"[{""source_user_id"": null, ""name"": """"}]",17,ip,69.85.73.83
26859,65,US,2015-02-02T05:22:50.190Z,26,8616061,,69.67.98.42,TRUE,brute_ip,39.7146,-105.2433,"{""severity"": ""medium"", ""detail"": """"}",2015-02-02T05:22:50.190Z,Fortis Communications,2,,/api/v2/intelligence/8616061/,Dragon Research SSH Brute Auth,active,"[{""source_user_id"": null, ""name"": """"}]",17,ip,69.67.98.42
25176,80,SE,2015-02-02T05:22:48.762Z,26,8616060,,81.8.233.55,TRUE,brute_ip,62,15,"{""severity"": ""medium"", ""detail"": """"}",2015-02-02T05:22:48.762Z,LaNet Vasterbotten Data och Tele AB,2,,/api/v2/intelligence/8616060/,Dragon Research SSH Brute Auth,active,"[{""source_user_id"": null, ""name"": """"}]",20,ip,81.8.233.55
24521,65,ID,2015-02-02T05:22:48.687Z,26,8616059,,112.109.17.110,TRUE,brute_ip,-7.2492,112.7508,"{""severity"": ""medium"", ""detail"": """"}",2015-02-02T05:22:48.687Z,PT. DATA Utama Dinamika,2,,/api/v2/intelligence/8616059/,Dragon Research SSH Brute Auth,active,"[{""source_user_id"": null, ""name"": """"}]",17,ip,112.109.17.110
23316,75,US,2015-02-02T05:22:47.697Z,26,8616058,,98.159.83.41,TRUE,brute_ip,33.7542,-118.2019,"{""severity"": ""medium"", ""detail"": """"}",2015-02-02T05:22:47.697Z,"Bel Air Internet, LLC",2,,/api/v2/intelligence/8616058/,Dragon Research SSH Brute Auth,active,"[{""source_user_id"": null, ""name"": """"}]",19,ip,98.159.83.41
23316,40,US,2015-02-02T05:22:47.634Z,26,8616057,,108.60.47.11,TRUE,brute_ip,34.0194,-118.4912,"{""severity"": ""medium"", ""detail"": """"}",2015-02-02T05:22:47.634Z,"Bel Air Internet, LLC",2,,/api/v2/intelligence/8616057/,Dragon Research SSH Brute Auth,active,"[{""source_user_id"": null, ""name"": """"}]",10,ip,108.60.47.11
,50,,2015-02-02T05:22:46.524Z,26,8616055,,104.220.21.216,TRUE,brute_ip,,,"{""severity"": ""medium"", ""detail"": """"}",2015-02-02T05:22:46.524Z,,2,,/api/v2/intelligence/8616055/,Dragon Research SSH Brute Auth,active,"[{""source_user_id"": null, ""name"": """"}]",13,ip,104.220.21.216
22054,70,US,2015-02-02T05:22:46.458Z,26,8616054,,216.235.97.134,TRUE,brute_ip,47.2389,-123.2061,"{""severity"": ""medium"", ""detail"": """"}",2015-02-02T05:22:46.458Z,Hood Canal Communications,2,,/api/v2/intelligence/8616054/,Dragon Research SSH Brute Auth,active,"[{""source_user_id"": null, ""name"": """"}]",18,ip,216.235.97.134
19271,30,US,2015-02-02T05:22:44.385Z,26,8616053,,72.35.94.18,TRUE,brute_ip,35.2271,-80.8431,"{""severity"": ""medium"", ""detail"": """"}",2015-02-02T05:22:44.385Z,Peak 10,2,,/api/v2/intelligence/8616053/,Dragon Research SSH Brute Auth,active,"[{""source_user_id"": null, ""name"": """"}]",8,ip,72.35.94.18
12035,35,US,2015-02-02T05:22:41.827Z,26,8616051,,204.195.149.166,TRUE,brute_ip,25.7829,-80.1358,"{""severity"": ""medium"", ""detail"": """"}",2015-02-02T05:22:41.827Z,Atlantic Broadband,2,,/api/v2/intelligence/8616051/,Dragon Research SSH Brute Auth,active,"[{""source_user_id"": null, ""name"": """"}]",9,ip,204.195.149.166
11776,75,US,2015-02-02T05:22:41.756Z,26,8616050,,72.28.200.173,TRUE,brute_ip,39.6351,-78.7665,"{""severity"": ""medium"", ""detail"": """"}",2015-02-02T05:22:41.756Z,Atlantic Broadband,2,,/api/v2/intelligence/8616050/,Dragon Research SSH Brute Auth,active,"[{""source_user_id"": null, ""name"": """"}]",19,ip,72.28.200.173
10620,80,CO,2015-02-02T05:22:41.249Z,26,8616049,,190.146.205.53,TRUE,brute_ip,4.6492,-74.0628,"{""severity"": ""medium"", ""detail"": """"}",2015-02-02T05:22:41.249Z,Telmex Colombia S.A.,2,,/api/v2/intelligence/8616049/,Dragon Research SSH Brute Auth,active,"[{""source_user_id"": null, ""name"": """"}]",20,ip,190.146.205.53
11427,30,US,2015-02-02T05:22:41.209Z,26,8616048,,72.190.51.55,TRUE,brute_ip,32.9245,-96.8938,"{""severity"": ""medium"", ""detail"": """"}",2015-02-02T05:22:41.209Z,Time Warner Cable,2,,/api/v2/intelligence/8616048/,Dragon Research SSH Brute Auth,active,"[{""source_user_id"": null, ""name"": """"}]",8,ip,72.190.51.55
10481,70,AR,2015-02-02T05:22:41.166Z,26,8616047,,190.190.107.217,TRUE,brute_ip,-34.6534,-58.6198,"{""severity"": ""medium"", ""detail"": """"}",2015-02-02T05:22:41.166Z,Cablevision,2,,/api/v2/intelligence/8616047/,Dragon Research SSH Brute Auth,active,"[{""source_user_id"": null, ""name"": """"}]",18,ip,190.190.107.217
9930,50,US,2015-02-02T05:22:40.780Z,26,8616045,,149.129.2.241,TRUE,brute_ip,37.3422,-121.9052,"{""severity"": ""medium"", ""detail"": """"}",2015-02-02T05:22:40.780Z,TIME dotNet Berhad.,2,,/api/v2/intelligence/8616045/,Dragon Research SSH Brute Auth,active,"[{""source_user_id"": null, ""name"": """"}]",13,ip,149.129.2.241
9930,30,US,2015-02-02T05:22:40.708Z,26,8616044,,149.129.24.18,TRUE,brute_ip,37.3422,-121.9052,"{""severity"": ""medium"", ""detail"": """"}",2015-02-02T05:22:40.708Z,TIME dotNet Berhad.,2,,/api/v2/intelligence/8616044/,Dragon Research SSH Brute Auth,active,"[{""source_user_id"": null, ""name"": """"}]",8,ip,149.129.24.18
9930,25,US,2015-02-02T05:22:40.616Z,26,8616043,,149.129.157.250,TRUE,brute_ip,37.3422,-121.9052,"{""severity"": ""medium"", ""detail"": """"}",2015-02-02T05:22:40.616Z,TIME dotNet Berhad.,2,,/api/v2/intelligence/8616043/,Dragon Research SSH Brute Auth,active,"[{""source_user_id"": null, ""name"": """"}]",7,ip,149.129.157.250
9930,25,US,2015-02-02T05:22:40.538Z,26,8616042,,149.129.153.251,TRUE,brute_ip,37.3422,-121.9052,"{""severity"": ""medium"", ""detail"": """"}",2015-02-02T05:22:40.538Z,TIME dotNet Berhad.,2,,/api/v2/intelligence/8616042/,Dragon Research SSH Brute Auth,active,"[{""source_user_id"": null, ""name"": """"}]",7,ip,149.129.153.251
9381,70,HK,2015-02-02T05:22:39.969Z,26,8616041,,202.130.115.210,TRUE,brute_ip,22.2833,114.15,"{""severity"": ""medium"", ""detail"": """"}",2015-02-02T05:22:39.969Z,Wharf T&T Limited,2,,/api/v2/intelligence/8616041/,Dragon Research SSH Brute Auth,active,"[{""source_user_id"": null, ""name"": """"}]",18,ip,202.130.115.210
9930,55,US,2015-02-02T05:22:39.967Z,26,8616040,,149.129.12.210,TRUE,brute_ip,37.3422,-121.9052,"{""severity"": ""medium"", ""detail"": """"}",2015-02-02T05:22:39.967Z,TIME dotNet Berhad.,2,,/api/v2/intelligence/8616040/,Dragon Research SSH Brute Auth,active,"[{""source_user_id"": null, ""name"": """"}]",14,ip,149.129.12.210
9269,50,HK,2015-02-02T05:22:39.891Z,26,8616039,,123.202.144.248,TRUE,brute_ip,22.2833,114.15,"{""severity"": ""medium"", ""detail"": """"}",2015-02-02T05:22:39.891Z,Hong Kong Broadband Network Ltd,2,,/api/v2/intelligence/8616039/,Dragon Research SSH Brute Auth,active,"[{""source_user_id"": null, ""name"": """"}]",13,ip,123.202.144.248
9930,40,US,2015-02-02T05:22:39.415Z,26,8616038,,149.129.24.218,TRUE,brute_ip,37.3422,-121.9052,"{""severity"": ""medium"", ""detail"": """"}",2015-02-02T05:22:39.415Z,TIME dotNet Berhad.,2,,/api/v2/intelligence/8616038/,Dragon Research SSH Brute Auth,active,"[{""source_user_id"": null, ""name"": """"}]",10,ip,149.129.24.218
9930,25,US,2015-02-02T05:22:39.334Z,26,8616037,,149.129.3.82,TRUE,brute_ip,37.3422,-121.9052,"{""severity"": ""medium"", ""detail"": """"}",2015-02-02T05:22:39.334Z,TIME dotNet Berhad.,2,,/api/v2/intelligence/8616037/,Dragon Research SSH Brute Auth,active,"[{""source_user_id"": null, ""name"": """"}]",7,ip,149.129.3.82
9930,65,US,2015-02-02T05:22:38.093Z,26,8616036,,149.129.147.160,TRUE,brute_ip,37.3422,-121.9052,"{""severity"": ""medium"", ""detail"": """"}",2015-02-02T05:22:38.093Z,TIME dotNet Berhad.,2,,/api/v2/intelligence/8616036/,Dragon Research SSH Brute Auth,active,"[{""source_user_id"": null, ""name"": """"}]",17,ip,149.129.147.160
9930,50,US,2015-02-02T05:22:37.510Z,26,8616035,,149.129.191.22,TRUE,brute_ip,37.3422,-121.9052,"{""severity"": ""medium"", ""detail"": """"}",2015-02-02T05:22:37.510Z,TIME dotNet Berhad.,2,,/api/v2/intelligence/8616035/,Dragon Research SSH Brute Auth,active,"[{""source_user_id"": null, ""name"": """"}]",13,ip,149.129.191.22
9930,20,US,2015-02-02T05:22:37.099Z,26,8616034,,149.129.181.17,TRUE,brute_ip,37.3422,-121.9052,"{""severity"": ""medium"", ""detail"": """"}",2015-02-02T05:22:37.099Z,TIME dotNet Berhad.,2,,/api/v2/intelligence/8616034/,Dragon Research SSH Brute Auth,active,"[{""source_user_id"": null, ""name"": """"}]",5,ip,149.129.181.17
7018,45,US,2015-02-02T05:22:34.397Z,26,8616032,,12.19.110.137,TRUE,brute_ip,37.1347,-100.8862,"{""severity"": ""medium"", ""detail"": """"}",2015-02-02T05:22:34.397Z,AT&T Services,2,,/api/v2/intelligence/8616032/,Dragon Research SSH Brute Auth,active,"[{""source_user_id"": null, ""name"": """"}]",12,ip,12.19.110.137
8788,70,UA,2015-02-02T05:22:34.101Z,26,8616031,,212.80.40.15,TRUE,brute_ip,50.4333,30.5167,"{""severity"": ""medium"", ""detail"": """"}",2015-02-02T05:22:34.101Z,Adamant Home Network,2,,/api/v2/intelligence/8616031/,Dragon Research SSH Brute Auth,active,"[{""source_user_id"": null, ""name"": """"}]",18,ip,212.80.40.15
7992,55,CA,2015-02-02T05:22:33.763Z,26,8616029,,72.38.87.125,TRUE,brute_ip,43.1,-79.05,"{""severity"": ""medium"", ""detail"": """"}",2015-02-02T05:22:33.763Z,Cogeco Cable,2,,/api/v2/intelligence/8616029/,Dragon Research SSH Brute Auth,active,"[{""source_user_id"": null, ""name"": """"}]",14,ip,72.38.87.125
7922,40,US,2015-02-02T05:22:33.680Z,26,8616028,,76.101.194.33,TRUE,brute_ip,26.2385,-81.7641,"{""severity"": ""medium"", ""detail"": """"}",2015-02-02T05:22:33.680Z,Comcast Cable,2,,/api/v2/intelligence/8616028/,Dragon Research SSH Brute Auth,active,"[{""source_user_id"": null, ""name"": """"}]",10,ip,76.101.194.33
6327,50,CA,2015-02-02T05:22:31.687Z,26,8616027,,174.6.120.140,TRUE,brute_ip,49.289,-123.1294,"{""severity"": ""medium"", ""detail"": """"}",2015-02-02T05:22:31.687Z,Shaw Communications,2,,/api/v2/intelligence/8616027/,Dragon Research SSH Brute Auth,active,"[{""source_user_id"": null, ""name"": """"}]",13,ip,174.6.120.140
5769,60,CA,2015-02-02T05:22:31.568Z,26,8616026,,96.23.16.60,TRUE,brute_ip,45.5618,-73.8881,"{""severity"": ""medium"", ""detail"": """"}",2015-02-02T05:22:31.568Z,Videotron Ltee,2,,/api/v2/intelligence/8616026/,Dragon Research SSH Brute Auth,active,"[{""source_user_id"": null, ""name"": """"}]",15,ip,96.23.16.60
5645,30,CA,2015-02-02T05:22:31.503Z,26,8616025,,206.248.156.223,TRUE,brute_ip,43.6667,-79.4167,"{""severity"": ""medium"", ""detail"": """"}",2015-02-02T05:22:31.503Z,TekSavvy Solutions,2,,/api/v2/intelligence/8616025/,Dragon Research SSH Brute Auth,active,"[{""source_user_id"": null, ""name"": """"}]",8,ip,206.248.156.223
5603,70,SI,2015-02-02T05:22:31.434Z,26,8616024,,193.77.153.156,TRUE,brute_ip,46.0553,14.5144,"{""severity"": ""medium"", ""detail"": """"}",2015-02-02T05:22:31.434Z,SiOL d.o.o. (Slovenia Online),2,,/api/v2/intelligence/8616024/,Dragon Research SSH Brute Auth,active,"[{""source_user_id"": null, ""name"": """"}]",18,ip,193.77.153.156
5009,65,US,2015-02-02T05:22:31.160Z,26,8616023,,64.56.24.226,TRUE,brute_ip,30.2974,-90.8657,"{""severity"": ""medium"", ""detail"": """"}",2015-02-02T05:22:31.160Z,EATEL,2,,/api/v2/intelligence/8616023/,Dragon Research SSH Brute Auth,active,"[{""source_user_id"": null, ""name"": """"}]",17,ip,64.56.24.226
3605,60,GU,2015-02-02T05:22:27.338Z,26,8616022,,101.99.218.21,TRUE,brute_ip,13.4443,144.7863,"{""severity"": ""medium"", ""detail"": """"}",2015-02-02T05:22:27.338Z,"Guam Cablevision, LLC.",2,,/api/v2/intelligence/8616022/,Dragon Research SSH Brute Auth,active,"[{""source_user_id"": null, ""name"": """"}]",15,ip,101.99.218.21
3356,35,US,2015-02-02T05:22:27.272Z,26,8616021,,208.96.182.154,TRUE,brute_ip,30.0312,-81.4054,"{""severity"": ""medium"", ""detail"": """"}",2015-02-02T05:22:27.272Z,Level 3 Communications,2,,/api/v2/intelligence/8616021/,Dragon Research SSH Brute Auth,active,"[{""source_user_id"": null, ""name"": """"}]",9,ip,208.96.182.154
174,85,MX,2015-02-02T05:22:26.859Z,26,8616020,,38.124.174.39,TRUE,brute_ip,19.4342,-99.1386,"{""severity"": ""medium"", ""detail"": """"}",2015-02-02T05:22:26.859Z,Cogent Communications,2,,/api/v2/intelligence/8616020/,Dragon Research SSH Brute Auth,active,"[{""source_user_id"": null, ""name"": """"}]",22,ip,38.124.174.39
8402,40,RU,2015-02-02T05:10:31.874Z,122,8615894,,95.26.87.212,TRUE,tor_ip,55.7522,37.6156,"{""severity"": ""low"", ""detail"": ""Tor exit node list, updated every 30 min""}",2015-02-02T05:10:31.874Z,Beeline,41,,/api/v2/intelligence/8615894/,TOR Exit Nodes,active,"[{""source_user_id"": null, ""name"": ""Tor-exit-node-list""}, {""source_user_id"": null, ""name"": ""updated-every-30-min""}]",10,ip,95.26.87.212
3320,45,DE,2015-02-02T05:10:31.062Z,122,8615893,,93.231.157.149,TRUE,tor_ip,48.7667,9.1833,"{""severity"": ""low"", ""detail"": ""Tor exit node list, updated every 30 min""}",2015-02-02T05:10:31.062Z,Deutsche Telekom AG,41,,/api/v2/intelligence/8615893/,TOR Exit Nodes,active,"[{""source_user_id"": null, ""name"": ""Tor-exit-node-list""}, {""source_user_id"": null, ""name"": ""updated-every-30-min""}]",12,ip,93.231.157.149
3320,30,DE,2015-02-02T05:10:30.992Z,122,8615892,,93.228.71.32,TRUE,tor_ip,49.8676,8.6644,"{""severity"": ""low"", ""detail"": ""Tor exit node list, updated every 30 min""}",2015-02-02T05:10:30.992Z,Deutsche Telekom AG,41,,/api/v2/intelligence/8615892/,TOR Exit Nodes,active,"[{""source_user_id"": null, ""name"": ""Tor-exit-node-list""}, {""source_user_id"": null, ""name"": ""updated-every-30-min""}]",8,ip,93.228.71.32
3320,30,DE,2015-02-02T05:10:30.914Z,122,8615891,,93.215.22.6,TRUE,tor_ip,49.1286,9.2214,"{""severity"": ""low"", ""detail"": ""Tor exit node list, updated every 30 min""}",2015-02-02T05:10:30.914Z,Deutsche Telekom AG,41,,/api/v2/intelligence/8615891/,TOR Exit Nodes,active,"[{""source_user_id"": null, ""name"": ""Tor-exit-node-list""}, {""source_user_id"": null, ""name"": ""updated-every-30-min""}]",8,ip,93.215.22.6
200130,40,NL,2015-02-02T05:10:28.590Z,122,8615890,,95.85.49.145,TRUE,tor_ip,52.5,5.75,"{""severity"": ""low"", ""detail"": ""Tor exit node list, updated every 30 min""}",2015-02-02T05:10:28.590Z,Digital Ocean,41,,/api/v2/intelligence/8615890/,TOR Exit Nodes,active,"[{""source_user_id"": null, ""name"": ""Tor-exit-node-list""}, {""source_user_id"": null, ""name"": ""updated-every-30-min""}]",10,ip,95.85.49.145
6805,40,DE,2015-02-02T05:10:26.935Z,122,8615889,,95.114.89.33,TRUE,tor_ip,49.0047,8.3858,"{""severity"": ""low"", ""detail"": ""Tor exit node list, updated every 30 min""}",2015-02-02T05:10:26.935Z,Telefonica Germany,41,,/api/v2/intelligence/8615889/,TOR Exit Nodes,active,"[{""source_user_id"": null, ""name"": ""Tor-exit-node-list""}, {""source_user_id"": null, ""name"": ""updated-every-30-min""}]",10,ip,95.114.89.33
3320,35,DE,2015-02-02T05:10:25.701Z,122,8615888,,91.19.131.85,TRUE,tor_ip,48,7.85,"{""severity"": ""low"", ""detail"": ""Tor exit node list, updated every 30 min""}",2015-02-02T05:10:25.701Z,Deutsche Telekom AG,41,,/api/v2/intelligence/8615888/,TOR Exit Nodes,active,"[{""source_user_id"": null, ""name"": ""Tor-exit-node-list""}, {""source_user_id"": null, ""name"": ""updated-every-30-min""}]",9,ip,91.19.131.85
9136,55,DE,2015-02-02T05:10:25.633Z,122,8615887,,91.186.45.206,TRUE,tor_ip,52.4204,10.7188,"{""severity"": ""low"", ""detail"": ""Tor exit node list, updated every 30 min""}",2015-02-02T05:10:25.633Z,Wobcom GmbH,41,,/api/v2/intelligence/8615887/,TOR Exit Nodes,active,"[{""source_user_id"": null, ""name"": ""Tor-exit-node-list""}, {""source_user_id"": null, ""name"": ""updated-every-30-min""}]",14,ip,91.186.45.206
5432,35,BE,2015-02-02T05:10:25.552Z,122,8615886,,91.178.11.17,TRUE,tor_ip,50.8333,4.3333,"{""severity"": ""low"", ""detail"": ""Tor exit node list, updated every 30 min""}",2015-02-02T05:10:25.552Z,Belgacom Skynet,41,,/api/v2/intelligence/8615886/,TOR Exit Nodes,active,"[{""source_user_id"": null, ""name"": ""Tor-exit-node-list""}, {""source_user_id"": null, ""name"": ""updated-every-30-min""}]",9,ip,91.178.11.17
6805,40,DE,2015-02-02T05:10:25.475Z,122,8615885,,93.135.168.80,TRUE,tor_ip,48.1492,11.5328,"{""severity"": ""low"", ""detail"": ""Tor exit node list, updated every 30 min""}",2015-02-02T05:10:25.475Z,Telefonica Germany,41,,/api/v2/intelligence/8615885/,TOR Exit Nodes,active,"[{""source_user_id"": null, ""name"": ""Tor-exit-node-list""}, {""source_user_id"": null, ""name"": ""updated-every-30-min""}]",10,ip,93.135.168.80
8767,35,DE,2015-02-02T05:10:25.400Z,122,8615884,,93.104.138.124,TRUE,tor_ip,49.4478,11.0683,"{""severity"": ""low"", ""detail"": ""Tor exit node list, updated every 30 min""}",2015-02-02T05:10:25.400Z,M-net Telekommunikations GmbH,41,,/api/v2/intelligence/8615884/,TOR Exit Nodes,active,"[{""source_user_id"": null, ""name"": ""Tor-exit-node-list""}, {""source_user_id"": null, ""name"": ""updated-every-30-min""}]",9,ip,93.104.138.124
3320,45,DE,2015-02-02T05:10:25.388Z,122,8615883,,91.60.69.22,TRUE,tor_ip,49.4244,8.3919,"{""severity"": ""low"", ""detail"": ""Tor exit node list, updated every 30 min""}",2015-02-02T05:10:25.388Z,Deutsche Telekom AG,41,,/api/v2/intelligence/8615883/,TOR Exit Nodes,active,"[{""source_user_id"": null, ""name"": ""Tor-exit-node-list""}, {""source_user_id"": null, ""name"": ""updated-every-30-min""}]",12,ip,91.60.69.22
3320,35,DE,2015-02-02T05:10:25.325Z,122,8615882,,91.51.232.121,TRUE,tor_ip,51.1666,6.4426,"{""severity"": ""low"", ""detail"": ""Tor exit node list, updated every 30 min""}",2015-02-02T05:10:25.325Z,Deutsche Telekom AG,41,,/api/v2/intelligence/8615882/,TOR Exit Nodes,active,"[{""source_user_id"": null, ""name"": ""Tor-exit-node-list""}, {""source_user_id"": null, ""name"": ""updated-every-30-min""}]",9,ip,91.51.232.121
3320,45,DE,2015-02-02T05:10:25.262Z,122,8615881,,91.48.116.81,TRUE,tor_ip,51.8,10.0333,"{""severity"": ""low"", ""detail"": ""Tor exit node list, updated every 30 min""}",2015-02-02T05:10:25.262Z,Deutsche Telekom AG,41,,/api/v2/intelligence/8615881/,TOR Exit Nodes,active,"[{""source_user_id"": null, ""name"": ""Tor-exit-node-list""}, {""source_user_id"": null, ""name"": ""updated-every-30-min""}]",12,ip,91.48.116.81
20676,50,DE,2015-02-02T05:10:25.223Z,122,8615880,,92.201.6.175,TRUE,tor_ip,51.6667,8.35,"{""severity"": ""low"", ""detail"": ""Tor exit node list, updated every 30 min""}",2015-02-02T05:10:25.223Z,QSC AG,41,,/api/v2/intelligence/8615880/,TOR Exit Nodes,active,"[{""source_user_id"": null, ""name"": ""Tor-exit-node-list""}, {""source_user_id"": null, ""name"": ""updated-every-30-min""}]",13,ip,92.201.6.175
3320,35,DE,2015-02-02T05:10:25.192Z,122,8615879,,91.45.226.2,TRUE,tor_ip,48.9833,12.2,"{""severity"": ""low"", ""detail"": ""Tor exit node list, updated every 30 min""}",2015-02-02T05:10:25.192Z,Deutsche Telekom AG,41,,/api/v2/intelligence/8615879/,TOR Exit Nodes,active,"[{""source_user_id"": null, ""name"": ""Tor-exit-node-list""}, {""source_user_id"": null, ""name"": ""updated-every-30-min""}]",9,ip,91.45.226.2
9145,35,DE,2015-02-02T05:10:25.150Z,122,8615878,,91.96.229.183,TRUE,tor_ip,52.7266,8.2848,"{""severity"": ""low"", ""detail"": ""Tor exit node list, updated every 30 min""}",2015-02-02T05:10:25.150Z,EWE-Tel GmbH,41,,/api/v2/intelligence/8615878/,TOR Exit Nodes,active,"[{""source_user_id"": null, ""name"": ""Tor-exit-node-list""}, {""source_user_id"": null, ""name"": ""updated-every-30-min""}]",9,ip,91.96.229.183
3320,30,DE,2015-02-02T05:10:25.127Z,122,8615877,,91.38.67.86,TRUE,tor_ip,48,7.85,"{""severity"": ""low"", ""detail"": ""Tor exit node list, updated every 30 min""}",2015-02-02T05:10:25.127Z,Deutsche Telekom AG,41,,/api/v2/intelligence/8615877/,TOR Exit Nodes,active,"[{""source_user_id"": null, ""name"": ""Tor-exit-node-list""}, {""source_user_id"": null, ""name"": ""updated-every-30-min""}]",8,ip,91.38.67.86
13184,40,DE,2015-02-02T05:10:23.882Z,122,8615876,,89.15.13.102,TRUE,tor_ip,50.05,8.15,"{""severity"": ""low"", ""detail"": ""Tor exit node list, updated every 30 min""}",2015-02-02T05:10:23.882Z,Telefonica Germany,41,,/api/v2/intelligence/8615876/,TOR Exit Nodes,active,"[{""source_user_id"": null, ""name"": ""Tor-exit-node-list""}, {""source_user_id"": null, ""name"": ""updated-every-30-min""}]",10,ip,89.15.13.102
5607,40,GB,2015-02-02T05:10:23.852Z,122,8615875,,90.193.112.197,TRUE,tor_ip,52.9667,-1.1667,"{""severity"": ""low"", ""detail"": ""Tor exit node list, updated every 30 min""}",2015-02-02T05:10:23.852Z,Sky Broadband,41,,/api/v2/intelligence/8615875/,TOR Exit Nodes,active,"[{""source_user_id"": null, ""name"": ""Tor-exit-node-list""}, {""source_user_id"": null, ""name"": ""updated-every-30-min""}]",10,ip,90.193.112.197
8422,35,DE,2015-02-02T05:10:23.797Z,122,8615874,,89.0.136.59,TRUE,tor_ip,50.7272,7.0851,"{""severity"": ""low"", ""detail"": ""Tor exit node list, updated every 30 min""}",2015-02-02T05:10:23.797Z,NetCologne GmbH,41,,/api/v2/intelligence/8615874/,TOR Exit Nodes,active,"[{""source_user_id"": null, ""name"": ""Tor-exit-node-list""}, {""source_user_id"": null, ""name"": ""updated-every-30-min""}]",9,ip,89.0.136.59
8767,65,DE,2015-02-02T05:10:21.812Z,122,8615873,,88.217.91.161,TRUE,tor_ip,48.15,11.5833,"{""severity"": ""low"", ""detail"": ""Tor exit node list, updated every 30 min""}",2015-02-02T05:10:21.812Z,M-net Telekommunikations GmbH,41,,/api/v2/intelligence/8615873/,TOR Exit Nodes,active,"[{""source_user_id"": null, ""name"": ""Tor-exit-node-list""}, {""source_user_id"": null, ""name"": ""updated-every-30-min""}]",17,ip,88.217.91.161
13184,45,DE,2015-02-02T05:10:21.794Z,122,8615872,,78.53.124.29,TRUE,tor_ip,50,8.2711,"{""severity"": ""low"", ""detail"": ""Tor exit node list, updated every 30 min""}",2015-02-02T05:10:21.794Z,Telefonica Germany,41,,/api/v2/intelligence/8615872/,TOR Exit Nodes,active,"[{""source_user_id"": null, ""name"": ""Tor-exit-node-list""}, {""source_user_id"": null, ""name"": ""updated-every-30-min""}]",12,ip,78.53.124.29
8767,35,DE,2015-02-02T05:10:21.740Z,122,8615871,,88.217.69.124,TRUE,tor_ip,48.3667,10.8833,"{""severity"": ""low"", ""detail"": ""Tor exit node list, updated every 30 min""}",2015-02-02T05:10:21.740Z,M-net Telekommunikations GmbH,41,,/api/v2/intelligence/8615871/,TOR Exit Nodes,active,"[{""source_user_id"": null, ""name"": ""Tor-exit-node-list""}, {""source_user_id"": null, ""name"": ""updated-every-30-min""}]",9,ip,88.217.69.124
3320,35,DE,2015-02-02T05:10:21.735Z,122,8615870,,87.155.246.8,TRUE,tor_ip,51.0967,13.736,"{""severity"": ""low"", ""detail"": ""Tor exit node list, updated every 30 min""}",2015-02-02T05:10:21.735Z,Deutsche Telekom AG,41,,/api/v2/intelligence/8615870/,TOR Exit Nodes,active,"[{""source_user_id"": null, ""name"": ""Tor-exit-node-list""}, {""source_user_id"": null, ""name"": ""updated-every-30-min""}]",9,ip,87.155.246.8
13184,45,DE,2015-02-02T05:10:21.734Z,122,8615869,,78.51.28.59,TRUE,tor_ip,51,9,"{""severity"": ""low"", ""detail"": ""Tor exit node list, updated every 30 min""}",2015-02-02T05:10:21.734Z,Telefonica Germany,41,,/api/v2/intelligence/8615869/,TOR Exit Nodes,active,"[{""source_user_id"": null, ""name"": ""Tor-exit-node-list""}, {""source_user_id"": null, ""name"": ""updated-every-30-min""}]",12,ip,78.51.28.59
3320,35,DE,2015-02-02T05:10:21.681Z,122,8615868,,87.150.193.228,TRUE,tor_ip,51.35,7.4667,"{""severity"": ""low"", ""detail"": ""Tor exit node list, updated every 30 min""}",2015-02-02T05:10:21.681Z,Deutsche Telekom AG,41,,/api/v2/intelligence/8615868/,TOR Exit Nodes,active,"[{""source_user_id"": null, ""name"": ""Tor-exit-node-list""}, {""source_user_id"": null, ""name"": ""updated-every-30-min""}]",9,ip,87.150.193.228
13184,40,DE,2015-02-02T05:10:21.662Z,122,8615867,,78.51.253.99,TRUE,tor_ip,51,9,"{""severity"": ""low"", ""detail"": ""Tor exit node list, updated every 30 min""}",2015-02-02T05:10:21.662Z,Telefonica Germany,41,,/api/v2/intelligence/8615867/,TOR Exit Nodes,active,"[{""source_user_id"": null, ""name"": ""Tor-exit-node-list""}, {""source_user_id"": null, ""name"": ""updated-every-30-min""}]",10,ip,78.51.253.99
3320,35,DE,2015-02-02T05:10:21.618Z,122,8615866,,87.150.134.183,TRUE,tor_ip,51.1668,6.8253,"{""severity"": ""low"", ""detail"": ""Tor exit node list, updated every 30 min""}",2015-02-02T05:10:21.618Z,Deutsche Telekom AG,41,,/api/v2/intelligence/8615866/,TOR Exit Nodes,active,"[{""source_user_id"": null, ""name"": ""Tor-exit-node-list""}, {""source_user_id"": null, ""name"": ""updated-every-30-min""}]",9,ip,87.150.134.183
3320,45,DE,2015-02-02T05:10:21.557Z,122,8615865,,87.148.235.88,TRUE,tor_ip,51,9,"{""severity"": ""low"", ""detail"": ""Tor exit node list, updated every 30 min""}",2015-02-02T05:10:21.557Z,Deutsche Telekom AG,41,,/api/v2/intelligence/8615865/,TOR Exit Nodes,active,"[{""source_user_id"": null, ""name"": ""Tor-exit-node-list""}, {""source_user_id"": null, ""name"": ""updated-every-30-min""}]",12,ip,87.148.235.88
3320,45,DE,2015-02-02T05:10:20.973Z,122,8615864,,87.186.16.79,TRUE,tor_ip,50.95,7.5333,"{""severity"": ""low"", ""detail"": ""Tor exit node list, updated every 30 min""}",2015-02-02T05:10:20.973Z,Deutsche Telekom AG,41,,/api/v2/intelligence/8615864/,TOR Exit Nodes,active,"[{""source_user_id"": null, ""name"": ""Tor-exit-node-list""}, {""source_user_id"": null, ""name"": ""updated-every-30-min""}]",12,ip,87.186.16.79
3320,60,DE,2015-02-02T05:10:20.899Z,122,8615863,,87.169.101.21,TRUE,tor_ip,52.5092,13.3158,"{""severity"": ""low"", ""detail"": ""Tor exit node list, updated every 30 min""}",2015-02-02T05:10:20.899Z,Deutsche Telekom AG,41,,/api/v2/intelligence/8615863/,TOR Exit Nodes,active,"[{""source_user_id"": null, ""name"": ""Tor-exit-node-list""}, {""source_user_id"": null, ""name"": ""updated-every-30-min""}]",15,ip,87.169.101.21
3320,35,DE,2015-02-02T05:10:20.823Z,122,8615862,,87.157.46.155,TRUE,tor_ip,51.013,13.7988,"{""severity"": ""low"", ""detail"": ""Tor exit node list, updated every 30 min""}",2015-02-02T05:10:20.823Z,Deutsche Telekom AG,41,,/api/v2/intelligence/8615862/,TOR Exit Nodes,active,"[{""source_user_id"": null, ""name"": ""Tor-exit-node-list""}, {""source_user_id"": null, ""name"": ""updated-every-30-min""}]",9,ip,87.157.46.155
5432,50,BE,2015-02-02T05:10:20.320Z,122,8615861,,81.11.185.64,TRUE,tor_ip,50.9333,4.4333,"{""severity"": ""low"", ""detail"": ""Tor exit node list, updated every 30 min""}",2015-02-02T05:10:20.320Z,Scarlet,41,,/api/v2/intelligence/8615861/,TOR Exit Nodes,active,"[{""source_user_id"": null, ""name"": ""Tor-exit-node-list""}, {""source_user_id"": null, ""name"": ""updated-every-30-min""}]",13,ip,81.11.185.64
12312,40,DE,2015-02-02T05:10:20.150Z,122,8615860,,85.212.6.201,TRUE,tor_ip,51,9,"{""severity"": ""low"", ""detail"": ""Tor exit node list, updated every 30 min""}",2015-02-02T05:10:20.150Z,ecotel dynamic SBA Subscriber Pool,41,,/api/v2/intelligence/8615860/,TOR Exit Nodes,active,"[{""source_user_id"": null, ""name"": ""Tor-exit-node-list""}, {""source_user_id"": null, ""name"": ""updated-every-30-min""}]",10,ip,85.212.6.201
12312,40,DE,2015-02-02T05:10:20.088Z,122,8615859,,85.212.50.102,TRUE,tor_ip,51,9,"{""severity"": ""low"", ""detail"": ""Tor exit node list, updated every 30 min""}",2015-02-02T05:10:20.088Z,ecotel dynamic SBA Subscriber Pool,41,,/api/v2/intelligence/8615859/,TOR Exit Nodes,active,"[{""source_user_id"": null, ""name"": ""Tor-exit-node-list""}, {""source_user_id"": null, ""name"": ""updated-every-30-min""}]",10,ip,85.212.50.102
8422,35,DE,2015-02-02T05:10:20.025Z,122,8615858,,85.197.22.29,TRUE,tor_ip,50.9333,6.95,"{""severity"": ""low"", ""detail"": ""Tor exit node list, updated every 30 min""}",2015-02-02T05:10:20.025Z,NetCologne GmbH,41,,/api/v2/intelligence/8615858/,TOR Exit Nodes,active,"[{""source_user_id"": null, ""name"": ""Tor-exit-node-list""}, {""source_user_id"": null, ""name"": ""updated-every-30-min""}]",9,ip,85.197.22.29
13184,40,DE,2015-02-02T05:10:19.952Z,122,8615857,,85.180.245.201,TRUE,tor_ip,52.5167,13.4,"{""severity"": ""low"", ""detail"": ""Tor exit node list, updated every 30 min""}",2015-02-02T05:10:19.952Z,Telefonica Germany,41,,/api/v2/intelligence/8615857/,TOR Exit Nodes,active,"[{""source_user_id"": null, ""name"": ""Tor-exit-node-list""}, {""source_user_id"": null, ""name"": ""updated-every-30-min""}]",10,ip,85.180.245.201
13184,45,DE,2015-02-02T05:10:19.880Z,122,8615856,,85.179.48.156,TRUE,tor_ip,51,9,"{""severity"": ""low"", ""detail"": ""Tor exit node list, updated every 30 min""}",2015-02-02T05:10:19.880Z,Telefonica Germany,41,,/api/v2/intelligence/8615856/,TOR Exit Nodes,active,"[{""source_user_id"": null, ""name"": ""Tor-exit-node-list""}, {""source_user_id"": null, ""name"": ""updated-every-30-min""}]",12,ip,85.179.48.156
13101,30,DE,2015-02-02T05:10:19.678Z,122,8615855,,86.103.245.222,TRUE,tor_ip,54.3333,10.1333,"{""severity"": ""low"", ""detail"": ""Tor exit node list, updated every 30 min""}",2015-02-02T05:10:19.678Z,ennit server GmbH,41,,/api/v2/intelligence/8615855/,TOR Exit Nodes,active,"[{""source_user_id"": null, ""name"": ""Tor-exit-node-list""}, {""source_user_id"": null, ""name"": ""updated-every-30-min""}]",8,ip,86.103.245.222
3320,30,DE,2015-02-02T05:10:18.634Z,122,8615854,,84.186.151.2,TRUE,tor_ip,47.8823,7.7282,"{""severity"": ""low"", ""detail"": ""Tor exit node list, updated every 30 min""}",2015-02-02T05:10:18.634Z,Deutsche Telekom AG,41,,/api/v2/intelligence/8615854/,TOR Exit Nodes,active,"[{""source_user_id"": null, ""name"": ""Tor-exit-node-list""}, {""source_user_id"": null, ""name"": ""updated-every-30-min""}]",8,ip,84.186.151.2
3320,35,DE,2015-02-02T05:10:18.565Z,122,8615853,,84.182.100.95,TRUE,tor_ip,51.7833,7.6167,"{""severity"": ""low"", ""detail"": ""Tor exit node list, updated every 30 min""}",2015-02-02T05:10:18.565Z,Deutsche Telekom AG,41,,/api/v2/intelligence/8615853/,TOR Exit Nodes,active,"[{""source_user_id"": null, ""name"": ""Tor-exit-node-list""}, {""source_user_id"": null, ""name"": ""updated-every-30-min""}]",9,ip,84.182.100.95
3320,55,DE,2015-02-02T05:10:18.490Z,122,8615852,,84.178.6.103,TRUE,tor_ip,50.1333,8.55,"{""severity"": ""low"", ""detail"": ""Tor exit node list, updated every 30 min""}",2015-02-02T05:10:18.490Z,Deutsche Telekom AG,41,,/api/v2/intelligence/8615852/,TOR Exit Nodes,active,"[{""source_user_id"": null, ""name"": ""Tor-exit-node-list""}, {""source_user_id"": null, ""name"": ""updated-every-30-min""}]",14,ip,84.178.6.103
3320,35,DE,2015-02-02T05:10:18.418Z,122,8615851,,84.176.98.100,TRUE,tor_ip,50.9078,14.8011,"{""severity"": ""low"", ""detail"": ""Tor exit node list, updated every 30 min""}",2015-02-02T05:10:18.418Z,Deutsche Telekom AG,41,,/api/v2/intelligence/8615851/,TOR Exit Nodes,active,"[{""source_user_id"": null, ""name"": ""Tor-exit-node-list""}, {""source_user_id"": null, ""name"": ""updated-every-30-min""}]",9,ip,84.176.98.100
3320,45,DE,2015-02-02T05:10:17.551Z,122,8615850,,84.162.25.142,TRUE,tor_ip,51.2,12.6167,"{""severity"": ""low"", ""detail"": ""Tor exit node list, updated every 30 min""}",2015-02-02T05:10:17.551Z,Deutsche Telekom AG,41,,/api/v2/intelligence/8615850/,TOR Exit Nodes,active,"[{""source_user_id"": null, ""name"": ""Tor-exit-node-list""}, {""source_user_id"": null, ""name"": ""updated-every-30-min""}]",12,ip,84.162.25.142
3320,35,DE,2015-02-02T05:10:17.478Z,122,8615849,,84.151.223.188,TRUE,tor_ip,50.7333,12.5,"{""severity"": ""low"", ""detail"": ""Tor exit node list, updated every 30 min""}",2015-02-02T05:10:17.478Z,Deutsche Telekom AG,41,,/api/v2/intelligence/8615849/,TOR Exit Nodes,active,"[{""source_user_id"": null, ""name"": ""Tor-exit-node-list""}, {""source_user_id"": null, ""name"": ""updated-every-30-min""}]",9,ip,84.151.223.188
5432,45,BE,2015-02-02T05:10:16.298Z,122,8615847,,83.134.224.179,TRUE,tor_ip,50.45,3.9333,"{""severity"": ""low"", ""detail"": ""Tor exit node list, updated every 30 min""}",2015-02-02T05:10:16.298Z,Tiscali ADSL Go/Plus Mons,41,,/api/v2/intelligence/8615847/,TOR Exit Nodes,active,"[{""source_user_id"": null, ""name"": ""Tor-exit-node-list""}, {""source_user_id"": null, ""name"": ""updated-every-30-min""}]",12,ip,83.134.224.179
3320,35,DE,2015-02-02T05:10:15.328Z,122,8615846,,79.253.38.176,TRUE,tor_ip,50.1,8.7667,"{""severity"": ""low"", ""detail"": ""Tor exit node list, updated every 30 min""}",2015-02-02T05:10:15.328Z,Deutsche Telekom AG,41,,/api/v2/intelligence/8615846/,TOR Exit Nodes,active,"[{""source_user_id"": null, ""name"": ""Tor-exit-node-list""}, {""source_user_id"": null, ""name"": ""updated-every-30-min""}]",9,ip,79.253.38.176
3320,30,DE,2015-02-02T05:10:15.265Z,122,8615845,,79.245.90.136,TRUE,tor_ip,48.4,10,"{""severity"": ""low"", ""detail"": ""Tor exit node list, updated every 30 min""}",2015-02-02T05:10:15.265Z,Deutsche Telekom AG,41,,/api/v2/intelligence/8615845/,TOR Exit Nodes,active,"[{""source_user_id"": null, ""name"": ""Tor-exit-node-list""}, {""source_user_id"": null, ""name"": ""updated-every-30-min""}]",8,ip,79.245.90.136
3320,35,DE,2015-02-02T05:10:15.200Z,122,8615844,,79.245.182.103,TRUE,tor_ip,52.5167,13.4,"{""severity"": ""low"", ""detail"": ""Tor exit node list, updated every 30 min""}",2015-02-02T05:10:15.200Z,Deutsche Telekom AG,41,,/api/v2/intelligence/8615844/,TOR Exit Nodes,active,"[{""source_user_id"": null, ""name"": ""Tor-exit-node-list""}, {""source_user_id"": null, ""name"": ""updated-every-30-min""}]",9,ip,79.245.182.103
3320,30,DE,2015-02-02T05:10:15.131Z,122,8615843,,79.241.98.213,TRUE,tor_ip,48.8026,9.2177,"{""severity"": ""low"", ""detail"": ""Tor exit node list, updated every 30 min""}",2015-02-02T05:10:15.131Z,Deutsche Telekom AG,41,,/api/v2/intelligence/8615843/,TOR Exit Nodes,active,"[{""source_user_id"": null, ""name"": ""Tor-exit-node-list""}, {""source_user_id"": null, ""name"": ""updated-every-30-min""}]",8,ip,79.241.98.213
3320,35,DE,2015-02-02T05:10:15.057Z,122,8615842,,79.226.86.16,TRUE,tor_ip,52.1833,12.8667,"{""severity"": ""low"", ""detail"": ""Tor exit node list, updated every 30 min""}",2015-02-02T05:10:15.057Z,Deutsche Telekom AG,41,,/api/v2/intelligence/8615842/,TOR Exit Nodes,active,"[{""source_user_id"": null, ""name"": ""Tor-exit-node-list""}, {""source_user_id"": null, ""name"": ""updated-every-30-min""}]",9,ip,79.226.86.16
8422,35,DE,2015-02-02T05:10:11.727Z,122,8615841,,78.35.251.81,TRUE,tor_ip,50.9333,6.95,"{""severity"": ""low"", ""detail"": ""Tor exit node list, updated every 30 min""}",2015-02-02T05:10:11.727Z,NetCologne GmbH,41,,/api/v2/intelligence/8615841/,TOR Exit Nodes,active,"[{""source_user_id"": null, ""name"": ""Tor-exit-node-list""}, {""source_user_id"": null, ""name"": ""updated-every-30-min""}]",9,ip,78.35.251.81
6805,35,DE,2015-02-02T05:10:10.827Z,122,8615840,,77.4.159.246,TRUE,tor_ip,48.3109,10.9,"{""severity"": ""low"", ""detail"": ""Tor exit node list, updated every 30 min""}",2015-02-02T05:10:10.827Z,Telefonica Germany,41,,/api/v2/intelligence/8615840/,TOR Exit Nodes,active,"[{""source_user_id"": null, ""name"": ""Tor-exit-node-list""}, {""source_user_id"": null, ""name"": ""updated-every-30-min""}]",9,ip,77.4.159.246
37340,55,NG,2015-02-02T05:10:09.635Z,122,8615839,,197.242.112.214,TRUE,tor_ip,6.4531,3.3958,"{""severity"": ""low"", ""detail"": ""Tor exit node list, updated every 30 min""}",2015-02-02T05:10:09.635Z,Spectranet,41,,/api/v2/intelligence/8615839/,TOR Exit Nodes,active,"[{""source_user_id"": null, ""name"": ""Tor-exit-node-list""}, {""source_user_id"": null, ""name"": ""updated-every-30-min""}]",14,ip,197.242.112.214
2856,40,GB,2015-02-02T05:10:04.039Z,122,8615838,,5.81.61.200,TRUE,tor_ip,54.9881,-1.6194,"{""severity"": ""low"", ""detail"": ""Tor exit node list, updated every 30 min""}",2015-02-02T05:10:04.039Z,BT,41,,/api/v2/intelligence/8615838/,TOR Exit Nodes,active,"[{""source_user_id"": null, ""name"": ""Tor-exit-node-list""}, {""source_user_id"": null, ""name"": ""updated-every-30-min""}]",10,ip,5.81.61.200
6805,35,DE,2015-02-02T05:10:00.099Z,122,8615837,,2.247.82.127,TRUE,tor_ip,51,9,"{""severity"": ""low"", ""detail"": ""Tor exit node list, updated every 30 min""}",2015-02-02T05:10:00.099Z,Telefonica Germany,41,,/api/v2/intelligence/8615837/,TOR Exit Nodes,active,"[{""source_user_id"": null, ""name"": ""Tor-exit-node-list""}, {""source_user_id"": null, ""name"": ""updated-every-30-min""}]",9,ip,2.247.82.127
6805,40,DE,2015-02-02T05:10:00.010Z,122,8615836,,2.241.77.65,TRUE,tor_ip,53.55,10,"{""severity"": ""low"", ""detail"": ""Tor exit node list, updated every 30 min""}",2015-02-02T05:10:00.010Z,Telefonica Germany,41,,/api/v2/intelligence/8615836/,TOR Exit Nodes,active,"[{""source_user_id"": null, ""name"": ""Tor-exit-node-list""}, {""source_user_id"": null, ""name"": ""updated-every-30-min""}]",10,ip,2.241.77.65
3320,60,DE,2015-02-02T05:09:59.660Z,122,8615833,,217.254.80.65,TRUE,tor_ip,49.1897,11.0167,"{""severity"": ""low"", ""detail"": ""Tor exit node list, updated every 30 min""}",2015-02-02T05:09:59.660Z,Deutsche Telekom AG,41,,/api/v2/intelligence/8615833/,TOR Exit Nodes,active,"[{""source_user_id"": null, ""name"": ""Tor-exit-node-list""}, {""source_user_id"": null, ""name"": ""updated-every-30-min""}]",15,ip,217.254.80.65
3320,35,DE,2015-02-02T05:09:59.592Z,122,8615832,,217.254.175.144,TRUE,tor_ip,51.3,12.0667,"{""severity"": ""low"", ""detail"": ""Tor exit node list, updated every 30 min""}",2015-02-02T05:09:59.592Z,Deutsche Telekom AG,41,,/api/v2/intelligence/8615832/,TOR Exit Nodes,active,"[{""source_user_id"": null, ""name"": ""Tor-exit-node-list""}, {""source_user_id"": null, ""name"": ""updated-every-30-min""}]",9,ip,217.254.175.144
13489,50,CO,2015-02-02T05:09:58.369Z,122,8615831,,190.71.143.138,TRUE,tor_ip,6.2518,-75.5636,"{""severity"": ""low"", ""detail"": ""Tor exit node list, updated every 30 min""}",2015-02-02T05:09:58.369Z,Telecomunicaciones S.A. E.S.P.,41,,/api/v2/intelligence/8615831/,TOR Exit Nodes,active,"[{""source_user_id"": null, ""name"": ""Tor-exit-node-list""}, {""source_user_id"": null, ""name"": ""updated-every-30-min""}]",13,ip,190.71.143.138
3209,45,DE,2015-02-02T05:09:58.297Z,122,8615830,,188.99.44.252,TRUE,tor_ip,49.4478,11.0683,"{""severity"": ""low"", ""detail"": ""Tor exit node list, updated every 30 min""}",2015-02-02T05:09:58.297Z,Vodafone DSL,41,,/api/v2/intelligence/8615830/,TOR Exit Nodes,active,"[{""source_user_id"": null, ""name"": ""Tor-exit-node-list""}, {""source_user_id"": null, ""name"": ""updated-every-30-min""}]",12,ip,188.99.44.252
3209,50,DE,2015-02-02T05:09:58.229Z,122,8615829,,188.96.185.120,TRUE,tor_ip,53.1667,8.2,"{""severity"": ""low"", ""detail"": ""Tor exit node list, updated every 30 min""}",2015-02-02T05:09:58.229Z,Vodafone DSL,41,,/api/v2/intelligence/8615829/,TOR Exit Nodes,active,"[{""source_user_id"": null, ""name"": ""Tor-exit-node-list""}, {""source_user_id"": null, ""name"": ""updated-every-30-min""}]",13,ip,188.96.185.120
3320,60,DE,2015-02-02T05:09:58.126Z,122,8615828,,217.237.83.232,TRUE,tor_ip,50.7,6.4833,"{""severity"": ""low"", ""detail"": ""Tor exit node list, updated every 30 min""}",2015-02-02T05:09:58.126Z,Deutsche Telekom AG,41,,/api/v2/intelligence/8615828/,TOR Exit Nodes,active,"[{""source_user_id"": null, ""name"": ""Tor-exit-node-list""}, {""source_user_id"": null, ""name"": ""updated-every-30-min""}]",15,ip,217.237.83.232
6805,45,DE,2015-02-02T05:09:58.053Z,122,8615827,,217.191.43.23,TRUE,tor_ip,52.1333,8.6833,"{""severity"": ""low"", ""detail"": ""Tor exit node list, updated every 30 min""}",2015-02-02T05:09:58.053Z,Telefonica Germany,41,,/api/v2/intelligence/8615827/,TOR Exit Nodes,active,"[{""source_user_id"": null, ""name"": ""Tor-exit-node-list""}, {""source_user_id"": null, ""name"": ""updated-every-30-min""}]",12,ip,217.191.43.23
49641,55,RU,2015-02-02T05:09:55.844Z,122,8615826,,188.64.133.101,TRUE,tor_ip,58.5167,31.2833,"{""severity"": ""low"", ""detail"": ""Tor exit node list, updated every 30 min""}",2015-02-02T05:09:55.844Z,Alfacom Broadband SOHO,41,,/api/v2/intelligence/8615826/,TOR Exit Nodes,active,"[{""source_user_id"": null, ""name"": ""Tor-exit-node-list""}, {""source_user_id"": null, ""name"": ""updated-every-30-min""}]",14,ip,188.64.133.101
3209,70,DE,2015-02-02T05:09:55.010Z,122,8615825,,188.100.25.114,TRUE,tor_ip,51.5044,7.4998,"{""severity"": ""low"", ""detail"": ""Tor exit node list, updated every 30 min""}",2015-02-02T05:09:55.010Z,Vodafone DSL,41,,/api/v2/intelligence/8615825/,TOR Exit Nodes,active,"[{""source_user_id"": null, ""name"": ""Tor-exit-node-list""}, {""source_user_id"": null, ""name"": ""updated-every-30-min""}]",18,ip,188.100.25.114
3209,45,DE,2015-02-02T05:09:54.577Z,122,8615824,,178.8.84.8,TRUE,tor_ip,52.5167,13.4,"{""severity"": ""low"", ""detail"": ""Tor exit node list, updated every 30 min""}",2015-02-02T05:09:54.577Z,Vodafone DSL,41,,/api/v2/intelligence/8615824/,TOR Exit Nodes,active,"[{""source_user_id"": null, ""name"": ""Tor-exit-node-list""}, {""source_user_id"": null, ""name"": ""updated-every-30-min""}]",12,ip,178.8.84.8
7418,25,CL,2015-02-02T05:09:54.522Z,122,8615823,,186.107.124.63,TRUE,tor_ip,-33.45,-70.6667,"{""severity"": ""low"", ""detail"": ""Tor exit node list, updated every 30 min""}",2015-02-02T05:09:54.522Z,Movistar Chile,41,,/api/v2/intelligence/8615823/,TOR Exit Nodes,active,"[{""source_user_id"": null, ""name"": ""Tor-exit-node-list""}, {""source_user_id"": null, ""name"": ""updated-every-30-min""}]",7,ip,186.107.124.63
3209,45,DE,2015-02-02T05:09:54.493Z,122,8615822,,178.8.130.115,TRUE,tor_ip,52.5167,13.4,"{""severity"": ""low"", ""detail"": ""Tor exit node list, updated every 30 min""}",2015-02-02T05:09:54.493Z,Vodafone DSL,41,,/api/v2/intelligence/8615822/,TOR Exit Nodes,active,"[{""source_user_id"": null, ""name"": ""Tor-exit-node-list""}, {""source_user_id"": null, ""name"": ""updated-every-30-min""}]",12,ip,178.8.130.115
7506,40,JP,2015-02-02T05:09:53.097Z,43,8615821,,157.7.112.179,TRUE,brute_ip,35.69,139.69,"{""severity"": ""medium"", ""detail"": """"}",2015-02-02T05:09:53.097Z,"GMO Internet, Inc.",2,,/api/v2/intelligence/8615821/,Brute Force Blocker - IP's,active,"[{""source_user_id"": null, ""name"": """"}]",10,ip,157.7.112.179
45543,55,VN,2015-02-02T05:09:52.984Z,141,8615819,,27.2.141.2,TRUE,bot_ip,10.8142,106.6438,"{""severity"": ""medium"", ""detail"": """"}",2015-02-02T05:09:52.984Z,SaiGon Tourist cable Televition Company,2,,/api/v2/intelligence/8615819/,Botscout BOT IPs,active,"[{""source_user_id"": null, ""name"": """"}]",14,ip,27.2.141.2
58369,45,ID,2015-02-02T05:09:52.801Z,141,8615813,,27.123.223.54,TRUE,bot_ip,-6.1744,106.8294,"{""severity"": ""medium"", ""detail"": """"}",2015-02-02T05:09:52.801Z,PT Fiber Networks Indonesia,2,,/api/v2/intelligence/8615813/,Botscout BOT IPs,active,"[{""source_user_id"": null, ""name"": """"}]",12,ip,27.123.223.54
6057,75,UY,2015-02-02T05:09:52.715Z,141,8615811,,179.31.19.11,TRUE,bot_ip,-34.8581,-56.1708,"{""severity"": ""medium"", ""detail"": """"}",2015-02-02T05:09:52.715Z,Administracion Nacional de Telecomunicaciones,2,,/api/v2/intelligence/8615811/,Botscout BOT IPs,active,"[{""source_user_id"": null, ""name"": """"}]",19,ip,179.31.19.11
8048,25,VE,2015-02-02T05:09:52.586Z,141,8615807,,190.73.8.201,TRUE,bot_ip,8,-66,"{""severity"": ""medium"", ""detail"": """"}",2015-02-02T05:09:52.586Z,"CANTV Servicios, Venezuela",2,,/api/v2/intelligence/8615807/,Botscout BOT IPs,active,"[{""source_user_id"": null, ""name"": """"}]",7,ip,190.73.8.201
8402,60,RU,2015-02-02T05:09:52.418Z,141,8615803,,89.178.139.231,TRUE,bot_ip,60,100,"{""severity"": ""medium"", ""detail"": """"}",2015-02-02T05:09:52.418Z,Beeline,2,,/api/v2/intelligence/8615803/,Botscout BOT IPs,active,"[{""source_user_id"": null, ""name"": """"}]",15,ip,89.178.139.231
12880,35,IR,2015-02-02T05:09:52.327Z,141,8615801,,2.176.86.102,TRUE,bot_ip,32,53,"{""severity"": ""medium"", ""detail"": """"}",2015-02-02T05:09:52.327Z,Information Technology Company (ITC),2,,/api/v2/intelligence/8615801/,Botscout BOT IPs,active,"[{""source_user_id"": null, ""name"": """"}]",9,ip,2.176.86.102
18881,50,BR,2015-02-02T05:09:52.257Z,122,8615799,,177.42.137.157,TRUE,tor_ip,-3.3167,-41.4167,"{""severity"": ""low"", ""detail"": ""Tor exit node list, updated every 30 min""}",2015-02-02T05:09:52.257Z,Global Village Telecom,41,,/api/v2/intelligence/8615799/,TOR Exit Nodes,active,"[{""source_user_id"": null, ""name"": ""Tor-exit-node-list""}, {""source_user_id"": null, ""name"": ""updated-every-30-min""}]",13,ip,177.42.137.157
4788,35,MY,2015-02-02T05:09:52.211Z,122,8615798,,115.134.18.24,TRUE,tor_ip,1.4655,103.7578,"{""severity"": ""low"", ""detail"": ""Tor exit node list, updated every 30 min""}",2015-02-02T05:09:52.211Z,TM Net,41,,/api/v2/intelligence/8615798/,TOR Exit Nodes,active,"[{""source_user_id"": null, ""name"": ""Tor-exit-node-list""}, {""source_user_id"": null, ""name"": ""updated-every-30-min""}]",9,ip,115.134.18.24
40440,50,US,2015-02-02T05:09:52.210Z,141,8615797,,198.52.230.189,TRUE,bot_ip,32.7877,-96.8,"{""severity"": ""medium"", ""detail"": """"}",2015-02-02T05:09:52.210Z,Avante Hosting Services,2,,/api/v2/intelligence/8615797/,Botscout BOT IPs,active,"[{""source_user_id"": null, ""name"": """"}]",13,ip,198.52.230.189
7552,35,VN,2015-02-02T05:09:50.248Z,112,8615796,,171.255.166.116,TRUE,bot_ip,21.0333,105.85,"{""severity"": ""high"", ""detail"": """"}",2015-02-02T05:09:50.248Z,Viettel Corporation,2,,/api/v2/intelligence/8615796/,TS MHN,active,"[{""source_user_id"": null, ""name"": """"}]",9,ip,171.255.166.116
9930,25,US,2015-02-02T05:09:50.165Z,112,8615795,,149.129.151.56,TRUE,bot_ip,37.3422,-121.9052,"{""severity"": ""high"", ""detail"": """"}",2015-02-02T05:09:50.165Z,TIME dotNet Berhad.,2,,/api/v2/intelligence/8615795/,TS MHN,active,"[{""source_user_id"": null, ""name"": """"}]",7,ip,149.129.151.56
45899,70,VN,2015-02-02T05:09:50.015Z,112,8615793,,222.254.218.26,TRUE,bot_ip,10.8142,106.6438,"{""severity"": ""high"", ""detail"": """"}",2015-02-02T05:09:50.015Z,VietNam Telecom National,2,,/api/v2/intelligence/8615793/,TS MHN,active,"[{""source_user_id"": null, ""name"": """"}]",18,ip,222.254.218.26
6799,40,GR,2015-02-02T05:09:49.872Z,112,8615791,,79.130.247.182,TRUE,bot_ip,39,22,"{""severity"": ""high"", ""detail"": """"}",2015-02-02T05:09:49.872Z,OTEnet S.A.,2,,/api/v2/intelligence/8615791/,TS MHN,active,"[{""source_user_id"": null, ""name"": """"}]",10,ip,79.130.247.182
4713,40,JP,2015-02-02T05:09:49.765Z,112,8615789,,60.42.109.63,TRUE,bot_ip,35.685,139.7514,"{""severity"": ""high"", ""detail"": """"}",2015-02-02T05:09:49.765Z,NTT Plala Inc.,2,,/api/v2/intelligence/8615789/,TS MHN,active,"[{""source_user_id"": null, ""name"": """"}]",10,ip,60.42.109.63
45899,55,VN,2015-02-02T05:09:49.764Z,112,8615788,,222.252.78.179,TRUE,bot_ip,21.0333,105.85,"{""severity"": ""high"", ""detail"": """"}",2015-02-02T05:09:49.764Z,Vietnam Posts and Telecommunications(VNPT),2,,/api/v2/intelligence/8615788/,TS MHN,active,"[{""source_user_id"": null, ""name"": """"}]",14,ip,222.252.78.179
31452,45,BH,2015-02-02T05:09:49.696Z,112,8615787,,109.161.240.49,TRUE,bot_ip,26.2361,50.5831,"{""severity"": ""high"", ""detail"": """"}",2015-02-02T05:09:49.696Z,MTC-Vodafone Bahrain,2,,/api/v2/intelligence/8615787/,TS MHN,active,"[{""source_user_id"": null, ""name"": """"}]",12,ip,109.161.240.49
4808,50,CN,2015-02-02T05:09:49.675Z,112,8615786,,114.254.240.141,TRUE,bot_ip,39.9289,116.3883,"{""severity"": ""high"", ""detail"": """"}",2015-02-02T05:09:49.675Z,China Unicom Beijing,2,,/api/v2/intelligence/8615786/,TS MHN,active,"[{""source_user_id"": null, ""name"": """"}]",13,ip,114.254.240.141
15975,50,PS,2015-02-02T05:09:49.632Z,112,8615785,,37.8.88.165,TRUE,bot_ip,31.9,35.2,"{""severity"": ""high"", ""detail"": """"}",2015-02-02T05:09:49.632Z,Hadara,2,,/api/v2/intelligence/8615785/,TS MHN,active,"[{""source_user_id"": null, ""name"": """"}]",13,ip,37.8.88.165
3352,55,ES,2015-02-02T05:09:49.599Z,112,8615784,,80.35.35.250,TRUE,bot_ip,41.6481,-0.8871,"{""severity"": ""high"", ""detail"": """"}",2015-02-02T05:09:49.599Z,Telefonica de Espana,2,,/api/v2/intelligence/8615784/,TS MHN,active,"[{""source_user_id"": null, ""name"": """"}]",14,ip,80.35.35.250
6939,45,US,2015-02-02T05:09:49.506Z,112,8615782,,72.52.83.222,TRUE,bot_ip,37.5155,-121.8962,"{""severity"": ""high"", ""detail"": """"}",2015-02-02T05:09:49.506Z,Hurricane Electric,2,,/api/v2/intelligence/8615782/,TS MHN,active,"[{""source_user_id"": null, ""name"": """"}]",12,ip,72.52.83.222
17964,50,CN,2015-02-02T05:09:49.478Z,112,8615780,,124.200.250.24,TRUE,bot_ip,39.9289,116.3883,"{""severity"": ""high"", ""detail"": """"}",2015-02-02T05:09:49.478Z,Beijing Dian-Xin-Tong Network Technologies Co.,2,,/api/v2/intelligence/8615780/,TS MHN,active,"[{""source_user_id"": null, ""name"": """"}]",13,ip,124.200.250.24
17139,60,US,2015-02-02T05:09:49.461Z,112,8615779,,68.64.160.250,TRUE,bot_ip,40.6501,-73.9496,"{""severity"": ""high"", ""detail"": """"}",2015-02-02T05:09:49.461Z,Corporate Colocation,2,,/api/v2/intelligence/8615779/,TS MHN,active,"[{""source_user_id"": null, ""name"": """"}]",15,ip,68.64.160.250
3462,70,TW,2015-02-02T05:09:49.393Z,112,8615777,,36.225.45.148,TRUE,bot_ip,23.5,121,"{""severity"": ""high"", ""detail"": """"}",2015-02-02T05:09:49.393Z,"CHTD, Chunghwa Telecom Co., Ltd.",2,,/api/v2/intelligence/8615777/,TS MHN,active,"[{""source_user_id"": null, ""name"": """"}]",18,ip,36.225.45.148
4837,40,CN,2015-02-02T05:09:49.286Z,112,8615774,,27.202.199.159,TRUE,bot_ip,36.6683,116.9972,"{""severity"": ""high"", ""detail"": """"}",2015-02-02T05:09:49.286Z,China Unicom Shandong,2,,/api/v2/intelligence/8615774/,TS MHN,active,"[{""source_user_id"": null, ""name"": """"}]",10,ip,27.202.199.159
45899,80,VN,2015-02-02T05:09:49.280Z,112,8615773,,14.165.141.29,TRUE,bot_ip,21.0333,105.85,"{""severity"": ""high"", ""detail"": """"}",2015-02-02T05:09:49.280Z,Vietnam Posts and Telecommunications(VNPT),2,,/api/v2/intelligence/8615773/,TS MHN,active,"[{""source_user_id"": null, ""name"": """"}]",20,ip,14.165.141.29
18403,40,VN,2015-02-02T05:09:49.214Z,112,8615772,,58.186.187.166,TRUE,bot_ip,10.8142,106.6438,"{""severity"": ""high"", ""detail"": """"}",2015-02-02T05:09:49.214Z,FPT Telecom Company,2,,/api/v2/intelligence/8615772/,TS MHN,active,"[{""source_user_id"": null, ""name"": """"}]",10,ip,58.186.187.166
4837,40,CN,2015-02-02T05:09:49.208Z,112,8615771,,58.18.104.58,TRUE,bot_ip,40.6522,109.8222,"{""severity"": ""high"", ""detail"": """"}",2015-02-02T05:09:49.208Z,China Unicom Neimeng,2,,/api/v2/intelligence/8615771/,TS MHN,active,"[{""source_user_id"": null, ""name"": """"}]",10,ip,58.18.104.58
10439,45,US,2015-02-02T05:09:49.147Z,112,8615770,,71.6.216.41,TRUE,bot_ip,32.8073,-117.1324,"{""severity"": ""high"", ""detail"": """"}",2015-02-02T05:09:49.147Z,CariNet,2,,/api/v2/intelligence/8615770/,TS MHN,active,"[{""source_user_id"": null, ""name"": """"}]",12,ip,71.6.216.41
49902,45,RE,2015-02-02T05:09:49.143Z,112,8615769,,213.55.22.121,TRUE,bot_ip,-20.8667,55.4667,"{""severity"": ""high"", ""detail"": """"}",2015-02-02T05:09:49.143Z,Societe Reunionnaise Du Radiotelephone Scs,2,,/api/v2/intelligence/8615769/,TS MHN,active,"[{""source_user_id"": null, ""name"": """"}]",12,ip,213.55.22.121
17552,50,TH,2015-02-02T05:09:49.138Z,112,8615768,,171.98.99.131,TRUE,bot_ip,13.754,100.5014,"{""severity"": ""high"", ""detail"": """"}",2015-02-02T05:09:49.138Z,True Internet,2,,/api/v2/intelligence/8615768/,TS MHN,active,"[{""source_user_id"": null, ""name"": """"}]",13,ip,171.98.99.131
30036,65,US,2015-02-02T05:09:49.074Z,112,8615765,,173.22.54.119,TRUE,bot_ip,40.8133,-89.4087,"{""severity"": ""high"", ""detail"": """"}",2015-02-02T05:09:49.074Z,Mediacom Cable,2,,/api/v2/intelligence/8615765/,TS MHN,active,"[{""source_user_id"": null, ""name"": """"}]",17,ip,173.22.54.119
15732,55,ES,2015-02-02T05:09:49.072Z,112,8615764,,87.111.157.197,TRUE,bot_ip,41.4126,2.0188,"{""severity"": ""high"", ""detail"": """"}",2015-02-02T05:09:49.072Z,Iberbanda S.A.,2,,/api/v2/intelligence/8615764/,TS MHN,active,"[{""source_user_id"": null, ""name"": """"}]",14,ip,87.111.157.197
17897,35,CN,2015-02-02T05:09:49.066Z,112,8615763,,112.101.64.78,TRUE,bot_ip,45.75,126.65,"{""severity"": ""high"", ""detail"": """"}",2015-02-02T05:09:49.066Z,China Telecom HEILONGJIANG,2,,/api/v2/intelligence/8615763/,TS MHN,active,"[{""source_user_id"": null, ""name"": """"}]",9,ip,112.101.64.78
45899,70,VN,2015-02-02T05:09:48.998Z,112,8615761,,113.161.4.111,TRUE,bot_ip,13.0833,109.3,"{""severity"": ""high"", ""detail"": """"}",2015-02-02T05:09:48.998Z,Vietnam Posts and Telecommunications(VNPT),2,,/api/v2/intelligence/8615761/,TS MHN,active,"[{""source_user_id"": null, ""name"": """"}]",18,ip,113.161.4.111
45415,40,IN,2015-02-02T05:09:48.994Z,112,8615760,,115.69.242.13,TRUE,bot_ip,19.2,72.9667,"{""severity"": ""high"", ""detail"": """"}",2015-02-02T05:09:48.994Z,Vasai Cable Pvt. Ltd.,2,,/api/v2/intelligence/8615760/,TS MHN,active,"[{""source_user_id"": null, ""name"": """"}]",10,ip,115.69.242.13
7552,50,VN,2015-02-02T05:09:48.989Z,112,8615759,,116.98.89.174,TRUE,bot_ip,21.0333,105.85,"{""severity"": ""high"", ""detail"": """"}",2015-02-02T05:09:48.989Z,Viettel Corporation,2,,/api/v2/intelligence/8615759/,TS MHN,active,"[{""source_user_id"": null, ""name"": """"}]",13,ip,116.98.89.174
